date,temperature,humidity,heat_index,pressure
2025-03-28T00:00:01+08:00,25.49,61.81,25.49,996.71
2025-03-28T00:01:01+08:00,25.38,61.44,25.38,996.71
2025-03-28T00:02:00+08:00,25.47,60.92,25.47,996.72
2025-03-28T00:03:00+08:00,25.41,60.71,25.41,996.69
2025-03-28T00:04:01+08:00,25.41,60.92,25.41,996.68
2025-03-28T00:05:00+08:00,25.45,60.83,25.45,996.66
2025-03-28T00:06:00+08:00,25.54,61.02,25.54,996.61
2025-03-28T00:07:01+08:00,25.47,61.17,25.47,996.67
2025-03-28T00:08:01+08:00,25.26,60.18,25.26,996.67
2025-03-28T00:09:00+08:00,25.32,60.08,25.32,996.64
2025-03-28T00:10:02+08:00,25.32,59.76,25.32,996.67
2025-03-28T00:11:01+08:00,25.38,59.82,25.38,996.67
2025-03-28T00:12:00+08:00,25.43,59.82,25.43,996.67
2025-03-28T00:13:00+08:00,25.36,59.51,25.36,996.67
2025-03-28T00:14:01+08:00,25.3,59.32,25.3,996.66
2025-03-28T00:15:01+08:00,25.34,59.26,25.34,996.65
2025-03-28T00:16:00+08:00,25.21,58.93,25.21,996.65
2025-03-28T00:17:02+08:00,25.19,58.92,25.19,996.65
2025-03-28T00:18:01+08:00,25.13,59.02,25.13,996.65
2025-03-28T00:19:00+08:00,25.25,58.48,25.25,996.67
2025-03-28T00:20:00+08:00,25.08,59.17,25.08,996.66
2025-03-28T00:21:01+08:00,25.47,63.6,25.47,996.68
2025-03-28T00:22:01+08:00,25.76,70.19,25.76,996.67
2025-03-28T00:23:00+08:00,25.54,64.89,25.54,996.64
2025-03-28T00:24:02+08:00,25.43,62.54,25.43,996.65
2025-03-28T00:25:01+08:00,25.47,62.9,25.47,996.6
2025-03-28T00:26:00+08:00,25.47,62.34,25.47,996.63
2025-03-28T00:27:00+08:00,25.34,61.18,25.34,996.67
2025-03-28T00:28:01+08:00,25.38,60.7,25.38,996.64
2025-03-28T00:29:01+08:00,25.38,60.71,25.38,996.66
2025-03-28T00:30:00+08:00,25.26,60.52,25.26,996.61
2025-03-28T00:31:02+08:00,25.17,60.3,25.17,996.59
2025-03-28T00:32:01+08:00,25.21,59.72,25.21,996.54
2025-03-28T00:33:00+08:00,25.36,60.44,25.36,996.58
2025-03-28T00:34:00+08:00,25.17,59.98,25.17,996.62
2025-03-28T00:35:01+08:00,25.28,60.61,25.28,996.58
2025-03-28T00:36:01+08:00,25.34,60.52,25.34,996.63
2025-03-28T00:37:00+08:00,25.45,60.63,25.45,996.59
2025-03-28T00:38:02+08:00,25.41,60.2,25.41,996.61
2025-03-28T00:39:01+08:00,25.45,59.78,25.45,996.65
2025-03-28T00:40:00+08:00,25.41,59.36,25.41,996.66
2025-03-28T00:41:00+08:00,25.25,59.54,25.25,996.66
2025-03-28T00:42:01+08:00,25.52,60.58,25.52,996.66
2025-03-28T00:43:01+08:00,25.38,59.38,25.38,996.67
2025-03-28T00:44:00+08:00,25.34,60.42,25.34,996.66
2025-03-28T00:45:02+08:00,25.47,61.2,25.47,996.64
2025-03-28T00:46:01+08:00,25.45,59.62,25.45,996.66
2025-03-28T00:47:00+08:00,25.39,60.47,25.39,996.66
2025-03-28T00:48:00+08:00,25.23,58.59,25.23,996.62
2025-03-28T00:49:01+08:00,25.38,59.12,25.38,996.71
2025-03-28T00:50:01+08:00,25.52,59.91,25.52,996.68
2025-03-28T00:51:00+08:00,25.26,58.43,25.26,996.72
2025-03-28T00:52:02+08:00,25.17,58.87,25.17,996.69
2025-03-28T00:53:01+08:00,25.25,59.2,25.25,996.66
2025-03-28T00:54:00+08:00,25.23,59.27,25.23,996.61
2025-03-28T00:55:00+08:00,25.19,59.04,25.19,996.62
2025-03-28T00:56:01+08:00,25.3,60.06,25.3,996.66
2025-03-28T00:57:01+08:00,25.28,58.67,25.28,996.58
2025-03-28T00:58:00+08:00,25.32,58.6,25.32,996.64
2025-03-28T00:59:02+08:00,25.25,59.55,25.25,996.6
2025-03-28T01:00:01+08:00,25.36,60.0,25.36,996.59
2025-03-28T01:01:00+08:00,25.19,58.99,25.19,996.57
2025-03-28T01:02:00+08:00,25.19,58.35,25.19,996.62
2025-03-28T01:03:01+08:00,25.13,58.29,25.13,996.62
2025-03-28T01:04:01+08:00,25.06,57.08,25.06,996.59
2025-03-28T01:05:00+08:00,24.99,57.6,24.99,996.58
2025-03-28T01:06:02+08:00,25.1,58.2,25.1,996.56
2025-03-28T01:07:01+08:00,25.1,57.85,25.1,996.56
2025-03-28T01:08:00+08:00,24.97,58.38,24.97,996.57
2025-03-28T01:09:00+08:00,25.01,57.9,25.01,996.58
2025-03-28T01:10:01+08:00,25.01,58.47,25.01,996.52
2025-03-28T01:11:01+08:00,24.99,57.69,24.99,996.52
2025-03-28T01:12:00+08:00,24.97,59.11,24.97,996.53
2025-03-28T01:13:02+08:00,24.84,58.16,24.84,996.49
2025-03-28T01:14:01+08:00,24.91,57.32,24.91,996.49
2025-03-28T01:15:00+08:00,24.95,58.36,24.95,996.52
2025-03-28T01:16:00+08:00,24.82,57.55,24.82,996.57
2025-03-28T01:17:01+08:00,24.84,57.37,24.84,996.55
2025-03-28T01:18:01+08:00,24.75,57.24,24.75,996.48
2025-03-28T01:19:00+08:00,24.97,58.39,24.97,996.5
2025-03-28T01:20:02+08:00,24.97,59.2,24.97,996.5
2025-03-28T01:21:01+08:00,24.8,58.44,24.8,996.51
2025-03-28T01:22:00+08:00,25.19,59.57,25.19,996.54
2025-03-28T01:23:00+08:00,24.99,57.94,24.99,996.47
2025-03-28T01:24:01+08:00,24.86,57.91,24.86,996.51
2025-03-28T01:25:01+08:00,24.89,58.71,24.89,996.52
2025-03-28T01:26:00+08:00,24.89,58.82,24.89,996.54
2025-03-28T01:27:02+08:00,25.02,58.69,25.02,996.49
2025-03-28T01:28:01+08:00,24.91,59.26,24.91,996.55
2025-03-28T01:29:00+08:00,25.17,63.54,25.17,996.5
2025-03-28T01:30:00+08:00,25.54,69.79,25.54,996.51
2025-03-28T01:31:01+08:00,25.75,67.38,25.75,996.5
2025-03-28T01:32:01+08:00,25.78,67.32,25.78,996.51
2025-03-28T01:33:00+08:00,25.69,64.96,25.69,996.54
2025-03-28T01:34:02+08:00,25.76,65.23,25.76,996.54
2025-03-28T01:35:01+08:00,25.82,67.79,25.82,996.51
2025-03-28T01:36:00+08:00,26.06,68.36,26.06,996.53
2025-03-28T01:37:00+08:00,26.0,69.21,26.0,996.56
2025-03-28T01:38:01+08:00,25.91,67.79,25.91,996.52
2025-03-28T01:39:01+08:00,25.82,67.97,25.82,996.53
2025-03-28T01:40:00+08:00,25.86,72.48,25.86,996.56
2025-03-28T01:41:02+08:00,26.19,72.63,26.19,996.55
2025-03-28T01:42:01+08:00,26.32,74.47,26.32,996.59
2025-03-28T01:43:00+08:00,26.36,74.9,26.36,996.65
2025-03-28T01:44:00+08:00,26.36,75.42,26.36,996.62
2025-03-28T01:45:01+08:00,26.49,75.59,26.49,996.6
2025-03-28T01:46:01+08:00,26.6,76.17,26.6,996.59
2025-03-28T01:47:00+08:00,26.47,76.21,26.47,996.61
2025-03-28T01:48:02+08:00,26.21,70.71,26.21,996.57
2025-03-28T01:49:01+08:00,26.23,69.89,26.23,996.65
2025-03-28T01:50:00+08:00,26.04,67.7,26.04,996.6
2025-03-28T01:51:00+08:00,26.12,71.32,26.12,996.55
2025-03-28T01:52:01+08:00,26.43,76.44,26.43,996.63
2025-03-28T01:53:01+08:00,26.5,77.21,26.5,996.67
2025-03-28T01:54:00+08:00,26.76,74.23,28.77,996.71
2025-03-28T01:55:01+08:00,26.95,72.34,28.96,996.66
2025-03-28T01:56:01+08:00,27.21,71.5,29.35,996.66
2025-03-28T01:57:00+08:00,27.37,70.56,29.56,996.64
2025-03-28T01:58:00+08:00,27.43,70.66,29.67,996.67
2025-03-28T01:59:01+08:00,27.61,70.13,29.95,996.64
2025-03-28T02:00:01+08:00,27.67,70.38,30.08,996.66
2025-03-28T02:01:00+08:00,27.76,70.07,30.22,996.66
2025-03-28T02:02:01+08:00,27.84,70.08,30.36,996.7
2025-03-28T02:03:01+08:00,27.82,70.78,30.41,996.66
2025-03-28T02:04:00+08:00,27.91,70.26,30.53,996.7
2025-03-28T02:05:00+08:00,27.93,70.31,30.57,996.69
2025-03-28T02:06:01+08:00,27.89,69.89,30.44,996.73
2025-03-28T02:07:01+08:00,28.3,69.84,31.23,996.68
2025-03-28T02:08:00+08:00,28.09,69.81,30.82,996.73
2025-03-28T02:09:01+08:00,28.3,70.35,31.31,996.62
2025-03-28T02:10:01+08:00,28.32,70.92,31.43,996.65
2025-03-28T02:11:00+08:00,28.15,72.69,31.34,996.59
2025-03-28T02:12:00+08:00,27.85,74.05,30.91,996.61
2025-03-28T02:13:01+08:00,27.39,73.01,29.85,996.58
2025-03-28T02:14:01+08:00,27.34,72.58,29.7,996.58
2025-03-28T02:15:00+08:00,27.13,72.94,29.35,996.55
2025-03-28T02:16:01+08:00,26.93,71.7,28.87,996.52
2025-03-28T02:17:01+08:00,26.97,71.01,28.88,996.5
2025-03-28T02:18:00+08:00,26.65,70.35,26.65,996.48
2025-03-28T02:19:00+08:00,26.71,70.06,28.38,996.48
2025-03-28T02:20:01+08:00,26.65,69.68,26.65,996.45
2025-03-28T02:21:01+08:00,26.6,69.67,26.6,996.45
2025-03-28T02:22:00+08:00,26.63,69.01,26.63,996.44
2025-03-28T02:23:01+08:00,26.5,68.89,26.5,996.47
2025-03-28T02:24:01+08:00,26.6,68.92,26.6,996.44
2025-03-28T02:25:00+08:00,26.47,68.98,26.47,996.48
2025-03-28T02:26:00+08:00,26.47,68.71,26.47,996.43
2025-03-28T02:27:01+08:00,26.49,68.52,26.49,996.44
2025-03-28T02:28:01+08:00,26.43,69.97,26.43,996.41
2025-03-28T02:29:00+08:00,26.34,68.66,26.34,996.44
2025-03-28T02:30:01+08:00,26.36,68.04,26.36,996.47
2025-03-28T02:31:01+08:00,26.41,69.45,26.41,996.38
2025-03-28T02:32:00+08:00,26.39,68.93,26.39,996.36
2025-03-28T02:33:00+08:00,26.39,68.1,26.39,996.35
2025-03-28T02:34:01+08:00,26.28,68.92,26.28,996.37
2025-03-28T02:35:01+08:00,26.28,68.14,26.28,996.35
2025-03-28T02:36:00+08:00,26.34,68.28,26.34,996.37
2025-03-28T02:37:01+08:00,26.23,68.43,26.23,996.34
2025-03-28T02:38:01+08:00,26.08,67.98,26.08,996.32
2025-03-28T02:39:00+08:00,26.43,69.4,26.43,996.29
2025-03-28T02:40:00+08:00,26.58,68.72,26.58,996.34
2025-03-28T02:41:01+08:00,26.58,70.57,26.58,996.37
2025-03-28T02:42:01+08:00,26.76,71.52,28.57,996.31
2025-03-28T02:43:00+08:00,26.8,72.29,28.69,996.3
2025-03-28T02:44:01+08:00,26.98,71.45,28.95,996.34
2025-03-28T02:45:01+08:00,27.08,68.22,28.83,996.33
2025-03-28T02:46:00+08:00,27.08,65.87,28.64,996.34
2025-03-28T02:47:00+08:00,27.39,65.67,29.11,996.31
2025-03-28T02:48:01+08:00,27.54,65.44,29.32,996.33
2025-03-28T02:49:00+08:00,27.69,65.31,29.55,996.31
2025-03-28T02:50:00+08:00,27.71,65.64,29.61,996.3
2025-03-28T02:51:01+08:00,27.82,65.61,29.79,996.27
2025-03-28T02:52:01+08:00,27.8,65.59,29.76,996.29
2025-03-28T02:53:00+08:00,28.0,65.93,30.15,996.29
2025-03-28T02:54:00+08:00,28.11,66.19,30.38,996.29
2025-03-28T02:55:01+08:00,28.19,67.14,30.64,996.29
2025-03-28T02:56:00+08:00,28.13,66.69,30.47,996.24
2025-03-28T02:57:00+08:00,28.22,66.74,30.65,996.29
2025-03-28T02:58:01+08:00,28.26,67.4,30.81,996.25
2025-03-28T02:59:01+08:00,28.35,67.99,31.07,996.22
2025-03-28T03:00:00+08:00,28.33,68.65,31.13,996.21
2025-03-28T03:01:00+08:00,28.32,69.43,31.21,996.22
2025-03-28T03:02:01+08:00,28.45,70.27,31.6,996.2
2025-03-28T03:03:00+08:00,28.37,70.77,31.52,996.18
2025-03-28T03:04:00+08:00,28.46,70.27,31.64,996.22
2025-03-28T03:05:01+08:00,28.43,70.02,31.52,996.23
2025-03-28T03:06:01+08:00,28.39,70.18,31.47,996.19
2025-03-28T03:07:00+08:00,28.26,71.96,31.47,996.19
2025-03-28T03:08:00+08:00,28.22,71.77,31.36,996.18
2025-03-28T03:09:01+08:00,28.21,71.42,31.28,996.21
2025-03-28T03:10:00+08:00,28.32,71.21,31.47,996.23
2025-03-28T03:11:00+08:00,28.3,71.81,31.53,996.17
2025-03-28T03:12:01+08:00,28.26,71.47,31.4,996.21
2025-03-28T03:13:01+08:00,28.21,71.67,31.31,996.21
2025-03-28T03:14:00+08:00,28.19,72.09,31.33,996.21
2025-03-28T03:15:00+08:00,28.21,72.52,31.44,996.24
2025-03-28T03:16:01+08:00,27.98,72.55,30.98,996.24
2025-03-28T03:17:00+08:00,28.15,72.44,31.31,996.22
2025-03-28T03:18:00+08:00,28.09,73.03,31.28,996.22
2025-03-28T03:19:01+08:00,28.13,72.88,31.33,996.3
2025-03-28T03:20:01+08:00,28.11,72.92,31.3,996.25
2025-03-28T03:21:00+08:00,28.06,73.07,31.2,996.24
2025-03-28T03:22:00+08:00,27.95,73.98,31.1,996.3
2025-03-28T03:23:01+08:00,28.09,74.46,31.49,996.26
2025-03-28T03:24:00+08:00,28.09,74.64,31.51,996.28
2025-03-28T03:25:00+08:00,28.13,76.01,31.8,996.32
2025-03-28T03:26:01+08:00,28.04,74.21,31.33,996.38
2025-03-28T03:27:01+08:00,28.0,74.6,31.3,996.3
2025-03-28T03:28:00+08:00,27.98,75.14,31.34,996.33
2025-03-28T03:29:00+08:00,28.11,74.93,31.6,996.29
2025-03-28T03:30:01+08:00,28.08,74.35,31.43,996.29
2025-03-28T03:31:00+08:00,28.06,74.11,31.35,996.3
2025-03-28T03:32:00+08:00,28.08,73.52,31.31,996.29
2025-03-28T03:33:01+08:00,28.08,73.47,31.3,996.31
2025-03-28T03:34:01+08:00,27.96,73.59,31.08,996.23
2025-03-28T03:35:00+08:00,28.02,73.15,31.14,996.17
2025-03-28T03:36:00+08:00,28.08,73.26,31.27,996.28
2025-03-28T03:37:01+08:00,27.91,73.36,30.93,996.2
2025-03-28T03:38:00+08:00,27.96,74.06,31.15,996.2
2025-03-28T03:39:00+08:00,28.06,73.36,31.24,996.18
2025-03-28T03:40:01+08:00,28.04,73.36,31.21,996.19
2025-03-28T03:41:01+08:00,28.06,73.31,31.24,996.18
2025-03-28T03:42:00+08:00,28.0,73.32,31.12,996.17
2025-03-28T03:43:00+08:00,28.09,72.95,31.26,996.16
2025-03-28T03:44:01+08:00,28.06,72.22,31.08,996.21
2025-03-28T03:45:00+08:00,28.06,73.19,31.22,996.2
2025-03-28T03:46:00+08:00,28.08,73.47,31.3,996.2
2025-03-28T03:47:01+08:00,28.11,73.26,31.35,996.17
2025-03-28T03:48:01+08:00,28.06,73.7,31.29,996.19
2025-03-28T03:49:00+08:00,28.0,73.23,31.11,996.19
2025-03-28T03:50:00+08:00,28.17,73.39,31.49,996.19
2025-03-28T03:51:01+08:00,28.06,73.57,31.28,996.2
2025-03-28T03:52:00+08:00,28.09,72.92,31.26,996.2
2025-03-28T03:53:00+08:00,28.02,73.39,31.17,996.2
2025-03-28T03:54:01+08:00,28.04,74.41,31.36,996.2
2025-03-28T03:55:01+08:00,28.08,73.13,31.25,996.2
2025-03-28T03:56:00+08:00,28.04,73.33,31.2,996.23
2025-03-28T03:57:00+08:00,27.98,73.55,31.12,996.24
2025-03-28T03:58:01+08:00,28.08,73.74,31.34,996.22
2025-03-28T03:59:00+08:00,28.08,73.37,31.29,996.21
2025-03-28T04:00:00+08:00,28.08,73.29,31.27,996.23
2025-03-28T04:01:01+08:00,28.04,74.37,31.35,996.27
2025-03-28T04:02:01+08:00,28.08,75.36,31.58,996.29
2025-03-28T04:03:00+08:00,28.06,73.97,31.33,996.24
2025-03-28T04:04:00+08:00,28.15,74.96,31.68,996.29
2025-03-28T04:05:01+08:00,28.15,74.29,31.58,996.31
2025-03-28T04:06:00+08:00,28.02,74.49,31.33,996.3
2025-03-28T04:07:00+08:00,28.11,74.07,31.47,996.38
2025-03-28T04:08:01+08:00,28.0,74.07,31.23,996.39
2025-03-28T04:09:01+08:00,28.11,73.66,31.41,996.44
2025-03-28T04:10:00+08:00,28.09,74.17,31.44,996.4
2025-03-28T04:11:00+08:00,28.0,76.1,31.52,996.47
2025-03-28T04:12:01+08:00,28.06,77.09,31.79,996.47
2025-03-28T04:13:00+08:00,28.11,76.85,31.89,996.48
2025-03-28T04:14:00+08:00,28.06,76.96,31.77,996.53
2025-03-28T04:15:01+08:00,27.91,77.51,31.51,996.52
2025-03-28T04:16:01+08:00,28.04,77.05,31.75,996.53
2025-03-28T04:17:00+08:00,28.02,76.32,31.59,996.52
2025-03-28T04:18:00+08:00,28.04,76.5,31.66,996.51
2025-03-28T04:19:01+08:00,28.04,76.9,31.72,996.55
2025-03-28T04:20:00+08:00,28.09,75.3,31.61,996.6
2025-03-28T04:21:00+08:00,28.08,75.09,31.54,996.6
2025-03-28T04:22:01+08:00,28.04,75.41,31.5,996.6
2025-03-28T04:23:01+08:00,28.04,75.31,31.49,996.57
2025-03-28T04:24:00+08:00,28.15,75.98,31.84,996.64
2025-03-28T04:25:00+08:00,28.09,75.11,31.58,996.68
2025-03-28T04:26:01+08:00,28.04,74.6,31.38,996.69
2025-03-28T04:27:00+08:00,28.13,75.07,31.66,996.71
2025-03-28T04:28:00+08:00,28.02,75.78,31.51,996.73
2025-03-28T04:29:01+08:00,28.06,74.93,31.47,996.79
2025-03-28T04:30:01+08:00,27.96,74.69,31.23,996.76
2025-03-28T04:31:00+08:00,28.04,74.41,31.36,996.82
2025-03-28T04:32:00+08:00,28.11,75.11,31.62,996.82
2025-03-28T04:33:01+08:00,28.15,74.45,31.61,996.81
2025-03-28T04:34:00+08:00,28.21,74.33,31.71,996.89
2025-03-28T04:35:00+08:00,28.06,74.87,31.46,996.87
2025-03-28T04:36:01+08:00,28.0,74.74,31.32,996.94
2025-03-28T04:37:01+08:00,28.09,74.32,31.46,996.96
2025-03-28T04:38:00+08:00,27.98,74.38,31.23,996.92
2025-03-28T04:39:02+08:00,28.13,74.43,31.56,996.95
2025-03-28T04:40:01+08:00,28.04,74.34,31.35,996.95
2025-03-28T04:41:00+08:00,28.15,74.01,31.54,996.97
2025-03-28T04:42:00+08:00,27.96,74.12,31.16,996.95
2025-03-28T04:43:01+08:00,28.08,74.5,31.45,996.96
2025-03-28T04:44:01+08:00,28.13,75.04,31.65,997.0
2025-03-28T04:45:00+08:00,28.15,73.56,31.47,997.0
2025-03-28T04:46:02+08:00,28.09,73.99,31.42,996.99
2025-03-28T04:47:01+08:00,28.13,75.37,31.7,996.96
2025-03-28T04:48:00+08:00,28.04,74.64,31.39,996.94
2025-03-28T04:49:00+08:00,28.13,74.59,31.59,996.97
2025-03-28T04:50:01+08:00,28.02,74.67,31.35,996.96
2025-03-28T04:51:01+08:00,28.02,74.66,31.35,996.99
2025-03-28T04:52:00+08:00,27.95,74.51,31.17,996.97
2025-03-28T04:53:02+08:00,28.13,74.67,31.6,996.98
2025-03-28T04:54:01+08:00,28.11,74.76,31.57,996.97
2025-03-28T04:55:00+08:00,28.02,76.44,31.61,997.0
2025-03-28T04:56:00+08:00,28.08,75.25,31.56,997.03
2025-03-28T04:57:01+08:00,28.09,74.9,31.55,997.03
2025-03-28T04:58:01+08:00,27.91,74.77,31.13,997.08
2025-03-28T04:59:00+08:00,28.15,74.77,31.65,997.06
2025-03-28T05:00:02+08:00,28.17,74.63,31.67,997.09
2025-03-28T05:01:01+08:00,28.06,75.53,31.56,997.07
2025-03-28T05:02:00+08:00,27.96,74.2,31.17,997.08
2025-03-28T05:03:00+08:00,28.08,75.03,31.53,997.09
2025-03-28T05:04:01+08:00,28.13,74.86,31.63,997.14
2025-03-28T05:05:01+08:00,28.11,74.82,31.58,997.14
2025-03-28T05:06:00+08:00,28.0,74.91,31.35,997.17
2025-03-28T05:07:02+08:00,28.0,75.02,31.36,997.15
2025-03-28T05:08:01+08:00,27.87,75.06,31.08,997.17
2025-03-28T05:09:00+08:00,28.09,75.22,31.6,997.16
2025-03-28T05:10:00+08:00,28.09,75.48,31.64,997.16
2025-03-28T05:11:01+08:00,28.13,75.13,31.67,997.2
2025-03-28T05:12:01+08:00,28.06,75.27,31.52,997.24
2025-03-28T05:13:00+08:00,27.93,74.72,31.16,997.29
2025-03-28T05:14:02+08:00,28.13,74.95,31.64,997.28
2025-03-28T05:15:01+08:00,28.11,74.58,31.54,997.33
2025-03-28T05:16:00+08:00,28.09,74.94,31.56,997.39
2025-03-28T05:17:00+08:00,28.17,74.9,31.72,997.48
2025-03-28T05:18:01+08:00,28.15,74.91,31.68,997.46
2025-03-28T05:19:01+08:00,28.08,74.86,31.5,997.5
2025-03-28T05:20:00+08:00,28.06,74.64,31.43,997.5
2025-03-28T05:21:00+08:00,28.04,74.55,31.38,997.54
2025-03-28T05:22:01+08:00,28.06,74.57,31.42,997.57
2025-03-28T05:23:00+08:00,28.17,74.81,31.7,997.64
2025-03-28T05:24:00+08:00,27.87,74.94,31.07,997.65
2025-03-28T05:25:01+08:00,28.06,74.63,31.43,997.66
2025-03-28T05:26:01+08:00,28.15,74.69,31.64,997.71
2025-03-28T05:27:00+08:00,28.15,74.93,31.68,997.67
2025-03-28T05:28:00+08:00,28.13,74.82,31.62,997.75
2025-03-28T05:29:01+08:00,28.09,74.88,31.55,997.73
2025-03-28T05:30:00+08:00,28.02,74.76,31.37,997.81
2025-03-28T05:31:00+08:00,28.11,75.01,31.61,997.77
2025-03-28T05:32:01+08:00,27.96,75.07,31.29,997.83
2025-03-28T05:33:01+08:00,28.08,75.28,31.57,997.8
2025-03-28T05:34:00+08:00,28.08,76.09,31.69,997.81
2025-03-28T05:35:02+08:00,27.98,75.91,31.45,997.83
2025-03-28T05:36:01+08:00,28.08,75.98,31.67,997.85
2025-03-28T05:37:00+08:00,28.02,74.74,31.36,997.87
2025-03-28T05:38:00+08:00,28.04,75.55,31.52,997.93
2025-03-28T05:39:01+08:00,28.15,75.7,31.8,997.96
2025-03-28T05:40:01+08:00,28.13,75.59,31.74,997.98
2025-03-28T05:41:00+08:00,28.09,75.72,31.67,998.04
2025-03-28T05:42:02+08:00,28.06,76.06,31.64,998.06
2025-03-28T05:43:01+08:00,28.06,75.97,31.63,998.09
2025-03-28T05:44:00+08:00,28.22,77.36,32.23,998.14
2025-03-28T05:45:00+08:00,28.06,75.88,31.61,998.14
2025-03-28T05:46:01+08:00,28.09,76.21,31.75,998.15
2025-03-28T05:47:01+08:00,27.95,75.83,31.35,998.17
2025-03-28T05:48:00+08:00,28.02,77.85,31.82,998.15
2025-03-28T05:49:02+08:00,28.0,76.53,31.58,998.21
2025-03-28T05:50:01+08:00,28.15,76.24,31.88,998.22
2025-03-28T05:51:00+08:00,28.11,76.92,31.9,998.26
2025-03-28T05:52:00+08:00,28.06,76.44,31.7,998.33
2025-03-28T05:53:01+08:00,28.06,76.44,31.7,998.35
2025-03-28T05:54:01+08:00,28.02,76.3,31.59,998.34
2025-03-28T05:55:00+08:00,28.06,77.4,31.84,998.37
2025-03-28T05:56:02+08:00,28.06,76.69,31.73,998.35
2025-03-28T05:57:01+08:00,28.08,76.41,31.73,998.4
2025-03-28T05:58:00+08:00,28.19,76.71,32.04,998.38
2025-03-28T05:59:00+08:00,28.15,76.68,31.95,998.34
2025-03-28T06:00:01+08:00,28.15,76.9,31.98,998.4
2025-03-28T06:01:01+08:00,28.02,76.61,31.64,998.39
2025-03-28T06:02:00+08:00,28.17,76.6,31.98,998.43
2025-03-28T06:03:02+08:00,27.95,76.82,31.5,998.36
2025-03-28T06:04:01+08:00,28.09,77.29,31.91,998.34
2025-03-28T06:05:00+08:00,28.04,76.26,31.63,998.42
2025-03-28T06:06:00+08:00,28.13,76.43,31.87,998.42
2025-03-28T06:07:01+08:00,28.13,76.99,31.95,998.39
2025-03-28T06:08:01+08:00,28.15,76.85,31.97,998.45
2025-03-28T06:09:00+08:00,28.11,76.56,31.84,998.42
2025-03-28T06:10:02+08:00,28.11,75.97,31.75,998.41
2025-03-28T06:11:01+08:00,28.13,76.77,31.92,998.4
2025-03-28T06:12:00+08:00,28.11,76.41,31.82,998.38
2025-03-28T06:13:00+08:00,28.13,77.36,32.01,998.38
2025-03-28T06:14:01+08:00,28.08,76.98,31.82,998.43
2025-03-28T06:15:01+08:00,27.95,77.31,31.57,998.4
2025-03-28T06:16:00+08:00,27.98,78.54,31.84,998.42
2025-03-28T06:17:02+08:00,28.13,76.63,31.9,998.41
2025-03-28T06:18:01+08:00,28.13,76.69,31.91,998.44
2025-03-28T06:19:00+08:00,28.04,76.27,31.63,998.42
2025-03-28T06:20:00+08:00,28.02,76.91,31.68,998.42
2025-03-28T06:21:01+08:00,28.02,76.83,31.67,998.44
2025-03-28T06:22:01+08:00,28.13,76.7,31.91,998.53
2025-03-28T06:23:00+08:00,28.11,76.71,31.87,998.44
2025-03-28T06:24:02+08:00,28.04,76.5,31.66,998.48
2025-03-28T06:25:01+08:00,28.08,76.7,31.78,998.49
2025-03-28T06:26:00+08:00,28.15,76.84,31.97,998.53
2025-03-28T06:27:00+08:00,28.13,76.31,31.85,998.44
2025-03-28T06:28:01+08:00,28.06,77.52,31.86,998.46
2025-03-28T06:29:01+08:00,28.11,76.9,31.89,998.4
2025-03-28T06:30:00+08:00,27.91,76.99,31.44,998.42
2025-03-28T06:31:02+08:00,28.04,76.82,31.71,998.45
2025-03-28T06:32:01+08:00,28.17,76.85,32.02,998.42
2025-03-28T06:33:00+08:00,27.98,76.85,31.59,998.42
2025-03-28T06:34:00+08:00,28.09,76.9,31.85,998.45
2025-03-28T06:35:01+08:00,28.04,77.12,31.75,998.43
2025-03-28T06:36:01+08:00,28.13,77.1,31.97,998.44
2025-03-28T06:37:00+08:00,27.98,77.37,31.66,998.44
2025-03-28T06:38:02+08:00,28.15,76.96,31.99,998.44
2025-03-28T06:39:01+08:00,28.0,76.92,31.64,998.42
2025-03-28T06:40:00+08:00,28.15,76.7,31.95,998.4
2025-03-28T06:41:00+08:00,28.11,77.16,31.94,998.39
2025-03-28T06:42:01+08:00,28.11,77.24,31.95,998.43
2025-03-28T06:43:01+08:00,28.02,76.94,31.69,998.46
2025-03-28T06:44:00+08:00,27.89,77.32,31.44,998.49
2025-03-28T06:45:02+08:00,28.0,77.26,31.69,998.53
2025-03-28T06:46:01+08:00,28.13,77.08,31.97,998.54
2025-03-28T06:47:00+08:00,28.15,77.39,32.06,998.62
2025-03-28T06:48:00+08:00,28.0,77.49,31.72,998.6
2025-03-28T06:49:01+08:00,28.19,77.17,32.11,998.65
2025-03-28T06:50:01+08:00,28.06,77.46,31.85,998.6
2025-03-28T06:51:00+08:00,28.08,77.18,31.85,998.59
2025-03-28T06:52:02+08:00,28.09,77.17,31.89,998.58
2025-03-28T06:53:01+08:00,28.15,76.93,31.99,998.59
2025-03-28T06:54:00+08:00,28.19,75.53,31.85,998.59
2025-03-28T06:55:00+08:00,28.11,77.22,31.94,998.61
2025-03-28T06:56:01+08:00,28.11,77.99,32.06,998.64
2025-03-28T06:57:01+08:00,27.98,77.21,31.64,998.66
2025-03-28T06:58:00+08:00,28.17,77.32,32.09,998.63
2025-03-28T06:59:02+08:00,28.13,77.02,31.96,998.69
2025-03-28T07:00:01+08:00,28.21,76.87,32.11,998.66
2025-03-28T07:01:00+08:00,28.3,76.93,32.34,998.68
2025-03-28T07:02:00+08:00,28.22,76.45,32.09,998.63
2025-03-28T07:03:01+08:00,28.35,76.61,32.42,998.66
2025-03-28T07:04:01+08:00,28.5,76.91,32.83,998.7
2025-03-28T07:05:00+08:00,28.39,76.6,32.51,998.74
2025-03-28T07:06:01+08:00,28.41,76.55,32.54,998.76
2025-03-28T07:07:01+08:00,28.33,76.54,32.36,998.75
2025-03-28T07:08:00+08:00,28.35,76.27,32.36,998.73
2025-03-28T07:09:00+08:00,28.43,76.32,32.55,998.71
2025-03-28T07:10:01+08:00,28.43,76.54,32.58,998.67
2025-03-28T07:11:01+08:00,28.45,77.13,32.73,998.69
2025-03-28T07:12:00+08:00,28.33,77.18,32.47,998.73
2025-03-28T07:13:01+08:00,28.35,77.25,32.53,998.71
2025-03-28T07:14:01+08:00,28.41,77.07,32.63,998.79
2025-03-28T07:15:00+08:00,28.43,77.44,32.74,998.84
2025-03-28T07:16:00+08:00,28.43,77.06,32.67,998.82
2025-03-28T07:17:01+08:00,28.39,76.98,32.57,998.83
2025-03-28T07:18:01+08:00,28.41,77.18,32.65,998.92
2025-03-28T07:19:00+08:00,28.43,76.99,32.66,998.88
2025-03-28T07:20:01+08:00,28.45,77.32,32.76,998.85
2025-03-28T07:21:01+08:00,28.48,77.45,32.88,998.92
2025-03-28T07:22:00+08:00,28.43,77.29,32.71,998.93
2025-03-28T07:23:00+08:00,28.48,77.57,32.9,998.94
2025-03-28T07:24:01+08:00,28.35,77.02,32.49,998.94
2025-03-28T07:25:01+08:00,28.39,76.69,32.52,998.92
2025-03-28T07:26:00+08:00,28.45,77.39,32.78,998.93
2025-03-28T07:27:01+08:00,28.5,77.03,32.85,998.96
2025-03-28T07:28:01+08:00,28.48,77.4,32.87,998.97
2025-03-28T07:29:00+08:00,28.39,77.59,32.67,998.96
2025-03-28T07:30:00+08:00,28.26,76.88,32.24,999.0
2025-03-28T07:31:01+08:00,28.3,77.02,32.35,999.04
2025-03-28T07:32:01+08:00,28.28,77.31,32.36,999.05
2025-03-28T07:33:00+08:00,28.35,77.12,32.5,999.09
2025-03-28T07:34:01+08:00,28.54,77.6,33.04,999.09
2025-03-28T07:35:01+08:00,28.41,77.07,32.63,999.08
2025-03-28T07:36:00+08:00,28.45,77.2,32.74,999.07
2025-03-28T07:37:00+08:00,28.41,77.1,32.64,999.06
2025-03-28T07:38:01+08:00,28.5,77.23,32.88,999.03
2025-03-28T07:39:01+08:00,28.45,77.84,32.85,999.03
2025-03-28T07:40:00+08:00,28.59,77.32,33.13,998.98
2025-03-28T07:41:01+08:00,28.46,77.24,32.8,998.96
2025-03-28T07:42:01+08:00,28.43,77.63,32.77,998.99
2025-03-28T07:43:00+08:00,28.5,77.49,32.93,998.97
2025-03-28T07:44:00+08:00,28.33,78.63,32.72,998.94
2025-03-28T07:45:01+08:00,28.54,78.74,33.25,998.96
2025-03-28T07:46:01+08:00,28.39,77.81,32.71,999.03
2025-03-28T07:47:00+08:00,28.45,78.15,32.91,999.02
2025-03-28T07:48:01+08:00,28.58,78.2,33.25,999.04
2025-03-28T07:49:01+08:00,28.46,78.01,32.93,999.03
2025-03-28T07:50:00+08:00,28.45,77.57,32.81,999.04
2025-03-28T07:51:00+08:00,28.46,77.98,32.93,999.04
2025-03-28T07:52:01+08:00,28.56,77.62,33.09,999.04
2025-03-28T07:53:01+08:00,28.41,77.99,32.79,999.09
2025-03-28T07:54:00+08:00,28.5,78.13,33.05,999.08
2025-03-28T07:55:01+08:00,28.43,78.02,32.84,999.07
2025-03-28T07:56:01+08:00,28.43,78.05,32.85,999.02
2025-03-28T07:57:00+08:00,28.46,77.7,32.88,999.04
2025-03-28T07:58:00+08:00,28.5,78.05,33.03,998.99
2025-03-28T07:59:01+08:00,28.43,78.34,32.9,999.01
2025-03-28T08:00:01+08:00,28.5,78.11,33.04,998.99
2025-03-28T08:01:00+08:00,28.48,78.22,33.02,999.01
2025-03-28T08:02:01+08:00,28.39,78.26,32.79,999.04
2025-03-28T08:03:01+08:00,28.56,77.55,33.08,999.02
2025-03-28T08:04:00+08:00,28.43,78.47,32.92,998.98
2025-03-28T08:05:00+08:00,28.5,78.35,33.09,999.08
2025-03-28T08:06:01+08:00,28.45,78.37,32.95,998.97
2025-03-28T08:07:01+08:00,28.37,77.41,32.6,999.02
2025-03-28T08:08:00+08:00,28.5,78.41,33.1,999.06
2025-03-28T08:09:01+08:00,28.43,78.47,32.92,999.04
2025-03-28T08:10:01+08:00,28.37,78.96,32.87,999.03
2025-03-28T08:11:00+08:00,28.3,78.95,32.68,999.07
2025-03-28T08:12:00+08:00,28.28,79.14,32.66,999.05
2025-03-28T08:13:01+08:00,28.32,78.82,32.7,999.04
2025-03-28T08:14:01+08:00,28.35,78.7,32.77,999.11
2025-03-28T08:15:00+08:00,28.19,79.07,32.42,999.09
2025-03-28T08:16:01+08:00,28.33,79.25,32.82,999.15
2025-03-28T08:17:01+08:00,28.24,79.15,32.57,999.13
2025-03-28T08:18:00+08:00,28.19,79.39,32.47,999.19
2025-03-28T08:19:00+08:00,28.21,79.36,32.51,999.14
2025-03-28T08:20:01+08:00,28.28,79.55,32.73,999.15
2025-03-28T08:21:01+08:00,28.09,78.99,32.18,999.12
2025-03-28T08:22:00+08:00,28.22,79.45,32.57,999.15
2025-03-28T08:23:01+08:00,28.13,79.62,32.37,999.07
2025-03-28T08:24:01+08:00,28.24,79.63,32.65,999.12
2025-03-28T08:25:00+08:00,28.3,79.84,32.83,999.08
2025-03-28T08:26:00+08:00,28.15,80.04,32.48,999.03
2025-03-28T08:27:01+08:00,28.15,79.56,32.41,999.03
2025-03-28T08:28:00+08:00,28.28,79.61,32.74,999.05
2025-03-28T08:29:00+08:00,28.39,79.38,32.99,999.02
2025-03-28T08:30:01+08:00,28.35,79.57,32.93,999.06
2025-03-28T08:31:01+08:00,28.37,79.22,32.91,999.1
2025-03-28T08:32:00+08:00,28.5,79.47,33.29,999.1
2025-03-28T08:33:00+08:00,28.45,79.42,33.14,999.1
2025-03-28T08:34:01+08:00,28.32,79.04,32.74,999.07
2025-03-28T08:35:00+08:00,28.46,79.3,33.16,999.1
2025-03-28T08:36:00+08:00,28.39,78.92,32.91,999.09
2025-03-28T08:37:01+08:00,28.45,79.49,33.15,999.1
2025-03-28T08:38:01+08:00,28.48,79.3,33.21,999.14
2025-03-28T08:39:00+08:00,28.3,78.9,32.67,999.19
2025-03-28T08:40:00+08:00,28.43,79.15,33.04,999.19
2025-03-28T08:41:01+08:00,28.45,79.05,33.07,999.15
2025-03-28T08:42:00+08:00,28.41,77.7,32.74,999.16
2025-03-28T08:43:00+08:00,28.43,79.23,33.06,999.2
2025-03-28T08:44:01+08:00,28.58,79.16,33.43,999.22
2025-03-28T08:45:01+08:00,28.56,79.77,33.49,999.26
2025-03-28T08:46:00+08:00,28.56,79.02,33.35,999.26
2025-03-28T08:47:00+08:00,28.48,79.0,33.16,999.26
2025-03-28T08:48:01+08:00,28.48,77.23,32.84,999.28
2025-03-28T08:49:00+08:00,28.43,78.79,32.98,999.31
2025-03-28T08:50:00+08:00,28.45,78.41,32.96,999.28
2025-03-28T08:51:01+08:00,28.59,79.87,33.61,999.32
2025-03-28T08:52:01+08:00,28.43,79.11,33.03,999.35
2025-03-28T08:53:00+08:00,28.61,78.82,33.46,999.37
2025-03-28T08:54:00+08:00,28.56,78.97,33.34,999.42
2025-03-28T08:55:01+08:00,28.54,79.02,33.3,999.39
2025-03-28T08:56:00+08:00,28.58,79.0,33.4,999.4
2025-03-28T08:57:00+08:00,28.5,78.98,33.2,999.44
2025-03-28T08:58:01+08:00,28.63,79.01,33.54,999.48
2025-03-28T08:59:01+08:00,28.56,78.91,33.33,999.45
2025-03-28T09:00:00+08:00,28.5,79.19,33.24,999.56
2025-03-28T09:01:00+08:00,28.48,78.82,33.12,999.48
2025-03-28T09:02:01+08:00,28.67,79.22,33.68,999.53
2025-03-28T09:03:00+08:00,28.54,79.04,33.31,999.47
2025-03-28T09:04:00+08:00,28.65,78.69,33.53,999.46
2025-03-28T09:05:01+08:00,28.69,78.25,33.54,999.45
2025-03-28T09:06:01+08:00,28.59,78.75,33.4,999.5
2025-03-28T09:07:00+08:00,28.54,78.76,33.26,999.5
2025-03-28T09:08:00+08:00,28.54,77.78,33.08,999.49
2025-03-28T09:09:01+08:00,28.54,78.94,33.29,999.56
2025-03-28T09:10:00+08:00,28.56,78.97,33.34,999.56
2025-03-28T09:11:00+08:00,28.63,79.02,33.55,999.56
2025-03-28T09:12:01+08:00,28.5,78.77,33.16,999.59
2025-03-28T09:13:01+08:00,28.65,78.97,33.58,999.56
2025-03-28T09:14:00+08:00,28.52,78.3,33.12,999.56
2025-03-28T09:15:00+08:00,28.58,78.66,33.33,999.53
2025-03-28T09:16:01+08:00,28.54,78.69,33.24,999.56
2025-03-28T09:17:00+08:00,28.52,78.93,33.24,999.51
2025-03-28T09:18:00+08:00,28.54,79.05,33.31,999.55
2025-03-28T09:19:01+08:00,28.56,78.81,33.31,999.59
2025-03-28T09:20:01+08:00,28.52,78.68,33.19,999.59
2025-03-28T09:21:00+08:00,28.56,78.83,33.32,999.58
2025-03-28T09:22:00+08:00,28.61,78.6,33.42,999.6
2025-03-28T09:23:01+08:00,28.63,78.47,33.44,999.68
2025-03-28T09:24:00+08:00,28.61,78.7,33.44,999.64
2025-03-28T09:25:00+08:00,28.61,78.53,33.4,999.67
2025-03-28T09:26:01+08:00,28.46,78.55,33.03,999.65
2025-03-28T09:27:01+08:00,28.5,78.51,33.11,999.64
2025-03-28T09:28:00+08:00,28.58,78.97,33.39,999.64
2025-03-28T09:29:02+08:00,28.56,78.76,33.3,999.66
2025-03-28T09:30:01+08:00,28.61,78.34,33.37,999.62
2025-03-28T09:31:00+08:00,28.45,78.68,33.0,999.64
2025-03-28T09:32:00+08:00,28.48,78.77,33.12,999.61
2025-03-28T09:33:01+08:00,28.59,78.26,33.3,999.57
2025-03-28T09:34:01+08:00,28.54,78.33,33.18,999.59
2025-03-28T09:35:00+08:00,28.52,78.23,33.11,999.62
2025-03-28T09:36:02+08:00,28.45,78.43,32.96,999.61
2025-03-28T09:37:01+08:00,28.41,77.82,32.76,999.64
2025-03-28T09:38:00+08:00,28.41,78.34,32.85,999.6
2025-03-28T09:39:00+08:00,28.59,77.41,33.15,999.61
2025-03-28T09:40:01+08:00,28.58,78.14,33.24,999.69
2025-03-28T09:41:01+08:00,28.59,78.3,33.31,999.6
2025-03-28T09:42:00+08:00,28.5,77.85,33.0,999.66
2025-03-28T09:43:02+08:00,28.61,77.95,33.29,999.66
2025-03-28T09:44:01+08:00,28.43,77.73,32.79,999.69
2025-03-28T09:45:00+08:00,28.45,77.91,32.87,999.65
2025-03-28T09:46:00+08:00,28.59,78.89,33.42,999.72
2025-03-28T09:47:01+08:00,28.45,78.36,32.95,999.7
2025-03-28T09:48:01+08:00,28.54,77.85,33.09,999.74
2025-03-28T09:49:00+08:00,28.54,78.11,33.14,999.7
2025-03-28T09:50:02+08:00,28.43,78.3,32.89,999.77
2025-03-28T09:51:01+08:00,28.46,77.69,32.87,999.77
2025-03-28T09:52:00+08:00,28.45,77.49,32.79,999.72
2025-03-28T09:53:00+08:00,28.56,76.64,32.92,999.72
2025-03-28T09:54:01+08:00,28.48,77.64,32.91,999.75
2025-03-28T09:55:01+08:00,28.58,77.73,33.16,999.74
2025-03-28T09:56:00+08:00,28.65,78.16,33.43,999.71
2025-03-28T09:57:02+08:00,28.54,77.82,33.08,999.75
2025-03-28T09:58:01+08:00,28.58,77.61,33.14,999.69
2025-03-28T09:59:00+08:00,28.52,77.5,32.98,999.74
2025-03-28T10:00:00+08:00,28.48,77.66,32.92,999.74
2025-03-28T10:01:01+08:00,28.59,77.31,33.13,999.69
2025-03-28T10:02:01+08:00,28.35,77.35,32.54,999.73
2025-03-28T10:03:00+08:00,28.45,77.65,32.82,999.69
2025-03-28T10:04:02+08:00,28.54,77.46,33.02,999.62
2025-03-28T10:05:01+08:00,28.61,77.33,33.18,999.63
2025-03-28T10:06:00+08:00,28.39,77.26,32.62,999.69
2025-03-28T10:07:00+08:00,28.5,77.43,32.92,999.73
2025-03-28T10:08:01+08:00,28.52,77.12,32.91,999.66
2025-03-28T10:09:01+08:00,28.5,77.33,32.9,999.72
2025-03-28T10:10:00+08:00,28.32,77.75,32.52,999.75
2025-03-28T10:11:02+08:00,28.69,77.12,33.33,999.76
2025-03-28T10:12:01+08:00,28.5,76.91,32.83,999.72
2025-03-28T10:13:00+08:00,28.54,77.22,32.98,999.66
2025-03-28T10:14:00+08:00,28.59,76.82,33.04,999.64
2025-03-28T10:15:01+08:00,28.54,77.52,33.03,999.68
2025-03-28T10:16:01+08:00,28.48,77.46,32.88,999.64
2025-03-28T10:17:00+08:00,28.58,77.03,33.03,999.62
2025-03-28T10:18:02+08:00,28.43,76.99,32.66,999.61
2025-03-28T10:19:01+08:00,28.5,77.0,32.84,999.61
2025-03-28T10:20:00+08:00,28.61,77.03,33.12,999.63
2025-03-28T10:21:00+08:00,28.54,76.64,32.87,999.6
2025-03-28T10:22:01+08:00,28.39,77.0,32.57,999.54
2025-03-28T10:23:01+08:00,28.5,77.47,32.93,999.57
2025-03-28T10:24:00+08:00,28.5,77.08,32.86,999.53
2025-03-28T10:25:01+08:00,28.39,77.18,32.6,999.51
2025-03-28T10:26:01+08:00,28.35,76.85,32.46,999.49
2025-03-28T10:27:00+08:00,28.48,76.75,32.75,999.5
2025-03-28T10:28:00+08:00,28.54,77.12,32.96,999.46
2025-03-28T10:29:01+08:00,28.39,77.06,32.58,999.52
2025-03-28T10:30:01+08:00,28.5,77.25,32.89,999.52
2025-03-28T10:31:00+08:00,28.61,77.07,33.13,999.57
2025-03-28T10:32:01+08:00,28.46,76.67,32.7,999.53
2025-03-28T10:33:01+08:00,28.48,76.37,32.69,999.61
2025-03-28T10:34:00+08:00,28.54,76.76,32.89,999.57
2025-03-28T10:35:00+08:00,28.54,76.58,32.86,999.54
2025-03-28T10:36:01+08:00,28.46,76.44,32.66,999.55
2025-03-28T10:37:01+08:00,28.56,76.48,32.89,999.54
2025-03-28T10:38:00+08:00,28.56,76.22,32.84,999.55
2025-03-28T10:39:01+08:00,28.58,75.97,32.84,999.58
2025-03-28T10:40:01+08:00,28.46,75.88,32.56,999.59
2025-03-28T10:41:00+08:00,28.56,75.93,32.79,999.57
2025-03-28T10:42:00+08:00,28.54,76.34,32.82,999.54
2025-03-28T10:43:01+08:00,28.54,75.78,32.72,999.52
2025-03-28T10:44:01+08:00,28.52,76.93,32.88,999.6
2025-03-28T10:45:00+08:00,28.52,75.76,32.67,999.64
2025-03-28T10:46:01+08:00,28.5,75.86,32.64,999.65
2025-03-28T10:47:01+08:00,28.46,76.09,32.59,999.57
2025-03-28T10:48:00+08:00,28.56,75.97,32.8,999.6
2025-03-28T10:49:00+08:00,28.46,75.49,32.49,999.55
2025-03-28T10:50:01+08:00,28.54,75.5,32.67,999.48
2025-03-28T10:51:01+08:00,28.45,75.65,32.48,999.45
2025-03-28T10:52:00+08:00,28.5,75.34,32.55,999.43
2025-03-28T10:53:01+08:00,28.45,75.5,32.45,999.41
2025-03-28T10:54:01+08:00,28.56,75.51,32.71,999.49
2025-03-28T10:55:00+08:00,28.56,75.61,32.73,999.4
2025-03-28T10:56:00+08:00,28.41,74.86,32.26,999.44
2025-03-28T10:57:01+08:00,28.48,74.96,32.45,999.51
2025-03-28T10:58:01+08:00,28.48,75.3,32.5,999.5
2025-03-28T10:59:00+08:00,28.46,75.08,32.42,999.48
2025-03-28T11:00:01+08:00,28.63,74.58,32.73,999.52
2025-03-28T11:01:01+08:00,28.54,74.61,32.51,999.48
2025-03-28T11:02:00+08:00,28.58,75.06,32.68,999.63
2025-03-28T11:03:00+08:00,28.61,74.72,32.71,999.58
2025-03-28T11:04:01+08:00,28.52,74.62,32.47,999.58
2025-03-28T11:05:01+08:00,28.54,74.54,32.5,999.59
2025-03-28T11:06:00+08:00,28.43,75.02,32.33,999.52
2025-03-28T11:07:01+08:00,28.61,74.47,32.66,999.54
2025-03-28T11:08:01+08:00,28.48,75.06,32.46,999.54
2025-03-28T11:09:00+08:00,28.5,74.91,32.48,999.48
2025-03-28T11:10:00+08:00,28.54,74.72,32.53,999.41
2025-03-28T11:11:01+08:00,28.54,74.72,32.53,999.43
2025-03-28T11:12:01+08:00,28.58,74.39,32.56,999.41
2025-03-28T11:13:00+08:00,28.5,74.3,32.37,999.4
2025-03-28T11:14:01+08:00,28.58,74.68,32.61,999.42
2025-03-28T11:15:01+08:00,28.41,74.79,32.25,999.45
2025-03-28T11:16:00+08:00,28.45,74.46,32.28,999.37
2025-03-28T11:17:00+08:00,28.5,74.96,32.49,999.33
2025-03-28T11:18:01+08:00,28.45,74.47,32.28,999.34
2025-03-28T11:19:01+08:00,28.5,75.05,32.5,999.39
2025-03-28T11:20:00+08:00,28.43,75.04,32.33,999.41
2025-03-28T11:21:01+08:00,28.43,74.48,32.24,999.39
2025-03-28T11:22:01+08:00,28.43,74.9,32.31,999.42
2025-03-28T11:23:00+08:00,28.45,74.79,32.33,999.36
2025-03-28T11:24:00+08:00,28.52,74.65,32.48,999.3
2025-03-28T11:25:01+08:00,28.33,74.83,32.08,999.4
2025-03-28T11:26:01+08:00,28.58,74.81,32.63,999.32
2025-03-28T11:27:00+08:00,28.56,74.43,32.53,999.32
2025-03-28T11:28:01+08:00,28.52,74.6,32.47,999.32
2025-03-28T11:29:01+08:00,28.54,74.05,32.42,999.25
2025-03-28T11:30:00+08:00,28.52,74.45,32.44,999.27
2025-03-28T11:31:00+08:00,28.39,74.47,32.15,999.3
2025-03-28T11:32:01+08:00,28.5,74.57,32.42,999.28
2025-03-28T11:33:00+08:00,28.41,73.96,32.11,999.25
2025-03-28T11:34:00+08:00,28.58,74.43,32.57,999.22
2025-03-28T11:35:01+08:00,28.43,74.17,32.18,999.23
2025-03-28T11:36:01+08:00,28.45,74.22,32.23,999.12
2025-03-28T11:37:00+08:00,28.54,74.35,32.47,999.18
2025-03-28T11:38:00+08:00,28.54,73.76,32.37,999.09
2025-03-28T11:39:01+08:00,28.48,73.76,32.24,999.01
2025-03-28T11:40:00+08:00,28.39,73.99,32.07,999.06
2025-03-28T11:41:00+08:00,28.52,73.83,32.34,999.1
2025-03-28T11:42:01+08:00,28.48,74.15,32.31,999.1
2025-03-28T11:43:01+08:00,28.5,73.53,32.25,999.07
2025-03-28T11:44:00+08:00,28.48,73.77,32.24,999.05
2025-03-28T11:45:00+08:00,28.46,73.91,32.22,999.06
2025-03-28T11:46:01+08:00,28.43,73.87,32.14,999.1
2025-03-28T11:47:00+08:00,28.45,73.61,32.13,999.11
2025-03-28T11:48:00+08:00,28.48,73.42,32.18,999.02
2025-03-28T11:49:01+08:00,28.45,73.62,32.13,999.06
2025-03-28T11:50:01+08:00,28.54,73.34,32.3,999.01
2025-03-28T11:51:00+08:00,28.48,73.84,32.26,998.94
2025-03-28T11:52:00+08:00,28.39,73.46,31.99,998.93
2025-03-28T11:53:01+08:00,28.5,74.36,32.39,998.91
2025-03-28T11:54:00+08:00,28.5,74.13,32.35,998.82
2025-03-28T11:55:00+08:00,28.48,73.58,32.21,998.85
2025-03-28T11:56:01+08:00,28.33,73.53,31.87,998.84
2025-03-28T11:57:01+08:00,28.48,73.55,32.21,998.84
2025-03-28T11:58:00+08:00,28.56,73.57,32.38,998.79
2025-03-28T11:59:00+08:00,28.46,73.38,32.14,998.76
2025-03-28T12:00:01+08:00,28.41,73.43,32.02,998.71
2025-03-28T12:01:00+08:00,28.45,73.53,32.12,998.65
2025-03-28T12:02:00+08:00,28.52,73.67,32.31,998.72
2025-03-28T12:03:01+08:00,28.58,73.54,32.41,998.63
2025-03-28T12:04:01+08:00,28.54,73.42,32.31,998.65
2025-03-28T12:05:00+08:00,28.46,73.25,32.12,998.58
2025-03-28T12:06:00+08:00,28.5,73.49,32.24,998.65
2025-03-28T12:07:01+08:00,28.43,73.21,32.03,998.6
2025-03-28T12:08:00+08:00,28.45,73.22,32.07,998.56
2025-03-28T12:09:00+08:00,28.48,73.12,32.13,998.58
2025-03-28T12:10:01+08:00,28.5,72.9,32.14,998.51
2025-03-28T12:11:01+08:00,28.59,72.39,32.26,998.45
2025-03-28T12:12:00+08:00,28.46,72.85,32.05,998.5
2025-03-28T12:13:00+08:00,28.45,72.77,32.0,998.43
2025-03-28T12:14:01+08:00,28.5,72.84,32.13,998.46
2025-03-28T12:15:00+08:00,28.43,73.55,32.08,998.41
2025-03-28T12:16:00+08:00,28.54,73.59,32.34,998.39
2025-03-28T12:17:01+08:00,28.5,73.25,32.2,998.3
2025-03-28T12:18:01+08:00,28.52,73.69,32.31,998.26
2025-03-28T12:19:00+08:00,28.63,73.35,32.51,998.18
2025-03-28T12:20:02+08:00,28.43,72.75,31.95,998.16
2025-03-28T12:21:01+08:00,28.41,73.26,31.99,998.18
2025-03-28T12:22:00+08:00,28.46,72.44,31.98,998.22
2025-03-28T12:23:00+08:00,28.33,71.56,31.57,998.16
2025-03-28T12:24:01+08:00,28.17,71.7,31.24,998.18
2025-03-28T12:25:01+08:00,28.04,70.64,30.83,998.22
2025-03-28T12:26:00+08:00,28.0,70.29,30.71,998.23
2025-03-28T12:27:02+08:00,27.63,69.35,29.9,998.26
2025-03-28T12:28:01+08:00,27.82,70.06,30.32,998.16
2025-03-28T12:29:00+08:00,27.78,68.83,30.11,998.22
2025-03-28T12:30:00+08:00,27.87,69.34,30.34,998.15
2025-03-28T12:31:01+08:00,27.65,68.91,29.88,998.17
2025-03-28T12:32:01+08:00,27.65,68.84,29.87,998.16
2025-03-28T12:33:00+08:00,27.47,68.72,29.53,998.13
2025-03-28T12:34:02+08:00,27.3,68.61,29.24,998.21
2025-03-28T12:35:01+08:00,27.35,69.39,29.41,998.16
2025-03-28T12:36:00+08:00,27.13,68.69,28.97,998.19
2025-03-28T12:37:00+08:00,27.39,68.88,29.42,998.12
2025-03-28T12:38:01+08:00,27.02,68.81,28.79,998.09
2025-03-28T12:39:01+08:00,26.89,68.77,28.58,998.14
2025-03-28T12:40:00+08:00,27.17,69.23,29.07,998.12
2025-03-28T12:41:02+08:00,27.13,68.5,28.95,998.03
2025-03-28T12:42:01+08:00,27.35,69.2,29.39,998.05
2025-03-28T12:43:00+08:00,27.37,68.95,29.4,998.03
2025-03-28T12:44:00+08:00,26.98,68.84,28.74,997.99
2025-03-28T12:45:01+08:00,26.86,68.55,28.5,997.94
2025-03-28T12:46:01+08:00,26.08,69.25,26.08,997.9
2025-03-28T12:47:00+08:00,26.12,69.79,26.12,997.87
2025-03-28T12:48:02+08:00,26.28,70.5,26.28,997.88
2025-03-28T12:49:01+08:00,26.67,69.61,28.29,997.88
2025-03-28T12:50:00+08:00,26.78,69.63,28.47,997.85
2025-03-28T12:51:00+08:00,26.86,69.07,28.54,997.9
2025-03-28T12:52:01+08:00,26.87,69.31,28.59,997.91
2025-03-28T12:53:01+08:00,26.91,69.01,28.63,997.89
2025-03-28T12:54:00+08:00,26.84,68.82,28.5,997.87
2025-03-28T12:55:02+08:00,26.73,68.31,28.29,997.77
2025-03-28T12:56:01+08:00,27.0,69.52,28.82,997.82
2025-03-28T12:57:00+08:00,26.86,68.72,28.52,997.83
2025-03-28T12:58:00+08:00,26.93,68.8,28.64,997.8
2025-03-28T12:59:01+08:00,26.78,68.5,28.38,997.83
2025-03-28T13:00:01+08:00,26.67,69.09,28.25,997.83
2025-03-28T13:01:00+08:00,27.04,69.3,28.86,997.82
2025-03-28T13:02:02+08:00,27.04,68.5,28.8,997.79
2025-03-28T13:03:01+08:00,27.21,69.39,29.15,997.74
2025-03-28T13:04:00+08:00,26.86,68.66,28.51,997.74
2025-03-28T13:05:00+08:00,26.98,68.65,28.72,997.75
2025-03-28T13:06:01+08:00,27.02,68.44,28.76,997.74
2025-03-28T13:07:01+08:00,27.13,68.89,28.98,997.7
2025-03-28T13:08:00+08:00,27.3,68.36,29.21,997.7
2025-03-28T13:09:02+08:00,27.43,68.37,29.43,997.69
2025-03-28T13:10:01+08:00,27.23,67.83,29.04,997.68
2025-03-28T13:11:00+08:00,27.24,67.64,29.05,997.65
2025-03-28T13:12:00+08:00,27.23,67.64,29.02,997.7
2025-03-28T13:13:01+08:00,27.37,67.76,29.28,997.61
2025-03-28T13:14:01+08:00,27.54,67.43,29.53,997.57
2025-03-28T13:15:00+08:00,27.71,67.35,29.8,997.63
2025-03-28T13:16:02+08:00,27.93,66.98,30.15,997.57
2025-03-28T13:17:01+08:00,27.95,66.65,30.14,997.6
2025-03-28T13:18:00+08:00,28.06,66.65,30.34,997.49
2025-03-28T13:19:00+08:00,28.08,66.46,30.35,997.49
2025-03-28T13:20:01+08:00,28.22,66.57,30.63,997.55
2025-03-28T13:21:01+08:00,28.3,66.38,30.74,997.48
2025-03-28T13:22:00+08:00,28.41,66.15,30.91,997.47
2025-03-28T13:23:01+08:00,28.46,66.21,31.02,997.44
2025-03-28T13:24:01+08:00,28.48,65.84,31.0,997.47
2025-03-28T13:25:00+08:00,28.52,65.75,31.05,997.44
2025-03-28T13:26:00+08:00,28.46,65.52,30.92,997.36
2025-03-28T13:27:01+08:00,28.67,65.13,31.23,997.41
2025-03-28T13:28:01+08:00,28.72,65.58,31.41,997.38
2025-03-28T13:29:00+08:00,28.7,65.54,31.37,997.41
2025-03-28T13:30:01+08:00,28.69,65.41,31.31,997.45
2025-03-28T13:31:01+08:00,28.69,65.28,31.29,997.35
2025-03-28T13:32:00+08:00,28.48,65.12,30.89,997.37
2025-03-28T13:33:00+08:00,28.52,65.34,30.99,997.35
2025-03-28T13:34:01+08:00,28.76,64.69,31.34,997.36
2025-03-28T13:35:01+08:00,28.83,64.88,31.51,997.39
2025-03-28T13:36:00+08:00,28.7,64.84,31.26,997.4
2025-03-28T13:37:01+08:00,28.69,64.64,31.19,997.38
2025-03-28T13:38:01+08:00,28.78,64.4,31.33,997.38
2025-03-28T13:39:00+08:00,28.78,64.8,31.39,997.37
2025-03-28T13:40:00+08:00,28.72,64.4,31.22,997.29
2025-03-28T13:41:01+08:00,28.8,64.14,31.32,997.32
2025-03-28T13:42:01+08:00,28.95,64.23,31.61,997.25
2025-03-28T13:43:00+08:00,28.82,64.02,31.33,997.29
2025-03-28T13:44:01+08:00,28.69,64.24,31.13,997.2
2025-03-28T13:45:01+08:00,28.93,63.96,31.53,997.27
2025-03-28T13:46:00+08:00,28.74,63.55,31.13,997.23
2025-03-28T13:47:00+08:00,28.96,64.09,31.62,997.17
2025-03-28T13:48:01+08:00,28.89,64.51,31.55,997.18
2025-03-28T13:49:01+08:00,29.04,63.95,31.74,997.2
2025-03-28T13:50:00+08:00,28.96,64.37,31.67,997.22
2025-03-28T13:51:01+08:00,28.98,64.48,31.72,997.25
2025-03-28T13:52:01+08:00,29.0,63.96,31.67,997.32
2025-03-28T13:53:00+08:00,28.98,64.11,31.66,997.2
2025-03-28T13:54:00+08:00,28.98,63.76,31.6,997.19
2025-03-28T13:55:01+08:00,28.93,63.8,31.5,997.17
2025-03-28T13:56:01+08:00,29.0,63.45,31.58,997.11
2025-03-28T13:57:00+08:00,29.02,63.69,31.66,997.14
2025-03-28T13:58:01+08:00,29.0,64.03,31.68,997.13
2025-03-28T13:59:01+08:00,29.02,63.83,31.68,997.14
2025-03-28T14:00:00+08:00,28.96,62.3,31.33,997.12
2025-03-28T14:01:00+08:00,29.06,63.75,31.74,997.14
2025-03-28T14:02:01+08:00,28.95,63.42,31.48,997.14
2025-03-28T14:03:01+08:00,28.95,63.56,31.5,997.1
2025-03-28T14:04:00+08:00,28.95,63.53,31.49,997.05
2025-03-28T14:05:01+08:00,29.02,63.04,31.55,997.11
2025-03-28T14:06:01+08:00,29.02,63.29,31.59,997.12
2025-03-28T14:07:00+08:00,29.04,63.32,31.63,997.12
2025-03-28T14:08:00+08:00,28.98,64.05,31.65,997.13
2025-03-28T14:09:01+08:00,29.13,63.6,31.85,997.12
2025-03-28T14:10:01+08:00,29.04,63.25,31.62,997.08
2025-03-28T14:11:00+08:00,29.0,63.0,31.51,997.19
2025-03-28T14:12:01+08:00,28.87,62.9,31.26,997.12
2025-03-28T14:13:01+08:00,29.02,62.66,31.49,997.1
2025-03-28T14:14:00+08:00,28.96,63.13,31.46,997.1
2025-03-28T14:15:00+08:00,29.07,62.91,31.63,997.12
2025-03-28T14:16:01+08:00,29.11,62.87,31.69,997.16
2025-03-28T14:17:01+08:00,29.0,62.62,31.45,997.2
2025-03-28T14:18:00+08:00,29.09,62.62,31.62,997.09
2025-03-28T14:19:01+08:00,29.06,63.11,31.63,997.04
2025-03-28T14:20:01+08:00,29.07,62.36,31.54,997.09
2025-03-28T14:21:00+08:00,29.02,62.65,31.49,997.1
2025-03-28T14:22:00+08:00,28.95,62.59,31.34,997.03
2025-03-28T14:23:01+08:00,29.13,62.46,31.66,997.1
2025-03-28T14:24:00+08:00,28.89,62.53,31.23,997.08
2025-03-28T14:25:00+08:00,28.85,62.37,31.14,997.15
2025-03-28T14:26:01+08:00,29.06,62.36,31.51,997.2
2025-03-28T14:27:01+08:00,28.96,62.49,31.36,997.19
2025-03-28T14:28:00+08:00,29.07,62.37,31.54,997.14
2025-03-28T14:29:00+08:00,29.11,62.46,31.62,997.11
2025-03-28T14:30:01+08:00,29.04,62.51,31.5,997.13
2025-03-28T14:31:00+08:00,29.15,61.98,31.61,997.11
2025-03-28T14:32:00+08:00,29.11,62.29,31.6,997.15
2025-03-28T14:33:01+08:00,29.07,62.54,31.57,997.15
2025-03-28T14:34:01+08:00,29.02,62.16,31.41,997.08
2025-03-28T14:35:00+08:00,28.93,62.35,31.27,997.04
2025-03-28T14:36:00+08:00,28.95,62.47,31.32,997.1
2025-03-28T14:37:01+08:00,29.04,62.91,31.56,997.06
2025-03-28T14:38:01+08:00,29.04,62.49,31.49,997.1
2025-03-28T14:39:00+08:00,29.02,62.37,31.44,997.0
2025-03-28T14:40:01+08:00,28.91,62.78,31.31,997.01
2025-03-28T14:41:01+08:00,29.04,62.06,31.42,997.0
2025-03-28T14:42:00+08:00,29.04,62.42,31.48,996.97
2025-03-28T14:43:00+08:00,28.95,62.8,31.38,996.89
2025-03-28T14:44:01+08:00,28.91,63.53,31.43,996.94
2025-03-28T14:45:01+08:00,28.96,64.35,31.66,996.9
2025-03-28T14:46:00+08:00,28.95,64.2,31.6,996.88
2025-03-28T14:47:01+08:00,29.06,63.86,31.76,996.78
2025-03-28T14:48:01+08:00,28.89,63.43,31.38,996.85
2025-03-28T14:49:00+08:00,29.0,63.84,31.65,996.83
2025-03-28T14:50:00+08:00,28.95,64.0,31.57,996.8
2025-03-28T14:51:01+08:00,29.11,63.97,31.88,996.84
2025-03-28T14:52:01+08:00,29.17,64.58,32.09,996.82
2025-03-28T14:53:00+08:00,29.04,63.43,31.65,996.77
2025-03-28T14:54:01+08:00,29.02,63.67,31.65,996.76
2025-03-28T14:55:01+08:00,29.0,63.54,31.6,996.71
2025-03-28T14:56:00+08:00,29.02,63.37,31.6,996.8
2025-03-28T14:57:00+08:00,29.06,63.53,31.7,996.81
2025-03-28T14:58:01+08:00,29.15,63.48,31.86,996.73
2025-03-28T14:59:01+08:00,29.13,63.06,31.76,996.84
2025-03-28T15:00:00+08:00,29.04,63.19,31.61,996.72
2025-03-28T15:01:01+08:00,29.02,63.11,31.56,996.74
2025-03-28T15:02:01+08:00,28.96,63.11,31.46,996.76
2025-03-28T15:03:00+08:00,28.95,62.4,31.31,996.74
2025-03-28T15:04:00+08:00,29.04,62.6,31.51,996.7
2025-03-28T15:05:01+08:00,28.93,62.32,31.27,996.72
2025-03-28T15:06:01+08:00,29.04,62.32,31.47,996.74
2025-03-28T15:07:00+08:00,28.98,62.12,31.33,996.72
2025-03-28T15:08:01+08:00,28.89,63.27,31.35,996.71
2025-03-28T15:09:01+08:00,29.17,62.51,31.73,996.65
2025-03-28T15:10:00+08:00,28.96,61.86,31.26,996.65
2025-03-28T15:11:00+08:00,29.06,62.25,31.49,996.72
2025-03-28T15:12:01+08:00,29.02,62.86,31.52,996.68
2025-03-28T15:13:00+08:00,29.19,62.4,31.75,996.66
2025-03-28T15:14:00+08:00,29.07,62.52,31.57,996.67
2025-03-28T15:15:01+08:00,29.07,62.17,31.51,996.67
2025-03-28T15:16:01+08:00,29.09,62.49,31.6,996.7
2025-03-28T15:17:00+08:00,29.06,62.31,31.5,996.68
2025-03-28T15:18:00+08:00,29.13,62.49,31.66,996.72
2025-03-28T15:19:01+08:00,29.13,62.7,31.7,996.66
2025-03-28T15:20:00+08:00,29.15,62.73,31.74,996.65
2025-03-28T15:21:00+08:00,29.15,62.58,31.71,996.69
2025-03-28T15:22:01+08:00,29.11,62.99,31.71,996.66
2025-03-28T15:23:01+08:00,29.2,62.46,31.79,996.69
2025-03-28T15:24:00+08:00,29.19,62.61,31.79,996.69
2025-03-28T15:25:00+08:00,29.15,62.91,31.77,996.7
2025-03-28T15:26:01+08:00,29.24,62.34,31.84,996.73
2025-03-28T15:27:00+08:00,29.19,62.45,31.76,996.72
2025-03-28T15:28:00+08:00,29.07,62.26,31.52,996.66
2025-03-28T15:29:01+08:00,29.07,61.97,31.48,996.74
2025-03-28T15:30:01+08:00,28.96,61.93,31.27,996.73
2025-03-28T15:31:00+08:00,29.15,62.32,31.67,996.69
2025-03-28T15:32:00+08:00,29.07,61.96,31.47,996.64
2025-03-28T15:33:01+08:00,29.11,61.88,31.53,996.59
2025-03-28T15:34:00+08:00,29.09,62.1,31.53,996.6
2025-03-28T15:35:00+08:00,29.11,62.37,31.61,996.61
2025-03-28T15:36:01+08:00,29.11,62.21,31.58,996.58
2025-03-28T15:37:01+08:00,29.07,62.35,31.54,996.61
2025-03-28T15:38:00+08:00,29.04,62.24,31.45,996.66
2025-03-28T15:39:00+08:00,29.06,61.57,31.38,996.58
2025-03-28T15:40:01+08:00,29.09,62.48,31.59,996.6
2025-03-28T15:41:01+08:00,29.04,62.58,31.51,996.61
2025-03-28T15:42:00+08:00,29.2,62.74,31.84,996.58
2025-03-28T15:43:01+08:00,29.13,62.72,31.7,996.61
2025-03-28T15:44:01+08:00,29.17,62.68,31.76,996.68
2025-03-28T15:45:00+08:00,29.09,62.87,31.66,996.69
2025-03-28T15:46:00+08:00,29.2,63.08,31.9,996.73
2025-03-28T15:47:01+08:00,29.22,62.69,31.87,996.72
2025-03-28T15:48:00+08:00,29.15,62.84,31.76,996.75
2025-03-28T15:49:00+08:00,29.22,63.23,31.96,996.84
2025-03-28T15:50:01+08:00,29.22,62.33,31.81,996.79
2025-03-28T15:51:01+08:00,29.2,62.91,31.87,996.83
2025-03-28T15:52:00+08:00,29.11,63.08,31.73,996.84
2025-03-28T15:53:00+08:00,29.33,63.29,32.18,996.88
2025-03-28T15:54:01+08:00,29.13,63.33,31.8,996.84
2025-03-28T15:55:00+08:00,29.32,63.75,32.23,996.85
2025-03-28T15:56:00+08:00,29.22,63.53,32.01,996.9
2025-03-28T15:57:01+08:00,29.35,63.46,32.25,996.89
2025-03-28T15:58:01+08:00,29.33,63.23,32.17,996.93
2025-03-28T15:59:00+08:00,29.15,63.48,31.86,996.93
2025-03-28T16:00:00+08:00,29.17,63.66,31.93,996.92
2025-03-28T16:01:01+08:00,29.32,63.46,32.18,996.88
2025-03-28T16:02:00+08:00,29.24,63.49,32.04,997.0
2025-03-28T16:03:00+08:00,29.22,63.32,31.98,996.94
2025-03-28T16:04:01+08:00,29.22,63.71,32.04,996.94
2025-03-28T16:05:01+08:00,29.28,63.91,32.19,996.87
2025-03-28T16:06:00+08:00,29.26,63.73,32.12,996.96
2025-03-28T16:07:00+08:00,29.28,63.61,32.13,996.98
2025-03-28T16:08:01+08:00,29.24,63.8,32.1,997.02
2025-03-28T16:09:00+08:00,29.33,63.11,32.15,997.03
2025-03-28T16:10:00+08:00,29.39,63.97,32.42,997.02
2025-03-28T16:11:01+08:00,29.17,63.44,31.89,997.01
2025-03-28T16:12:01+08:00,29.17,63.76,31.95,997.01
2025-03-28T16:13:00+08:00,29.33,63.82,32.28,997.01
2025-03-28T16:14:00+08:00,29.28,63.57,32.13,997.1
2025-03-28T16:15:01+08:00,29.3,64.34,32.3,997.11
2025-03-28T16:16:00+08:00,29.3,63.61,32.17,996.99
2025-03-28T16:17:00+08:00,29.41,63.73,32.41,997.07
2025-03-28T16:18:01+08:00,29.26,64.42,32.24,996.95
2025-03-28T16:19:01+08:00,29.35,64.6,32.46,996.98
2025-03-28T16:20:00+08:00,29.26,63.95,32.16,996.98
2025-03-28T16:21:00+08:00,29.41,64.04,32.46,997.07
2025-03-28T16:22:01+08:00,29.3,64.3,32.29,997.07
2025-03-28T16:23:00+08:00,29.32,63.91,32.26,997.07
2025-03-28T16:24:00+08:00,29.24,64.56,32.23,997.0
2025-03-28T16:25:01+08:00,29.35,63.54,32.26,997.04
2025-03-28T16:26:01+08:00,29.24,64.62,32.24,997.01
2025-03-28T16:27:00+08:00,29.39,64.42,32.5,996.94
2025-03-28T16:28:00+08:00,29.33,64.95,32.49,997.0
2025-03-28T16:29:01+08:00,29.43,64.48,32.58,996.96
2025-03-28T16:30:00+08:00,29.41,64.21,32.5,997.01
2025-03-28T16:31:00+08:00,29.37,64.39,32.46,996.97
2025-03-28T16:32:01+08:00,29.26,64.62,32.28,997.0
2025-03-28T16:33:01+08:00,29.35,64.41,32.42,997.0
2025-03-28T16:34:00+08:00,29.22,64.53,32.19,997.09
2025-03-28T16:35:02+08:00,29.43,64.36,32.56,997.02
2025-03-28T16:36:01+08:00,29.26,64.19,32.2,997.03
2025-03-28T16:37:00+08:00,29.35,64.2,32.38,997.07
2025-03-28T16:38:00+08:00,29.2,64.81,32.2,997.04
2025-03-28T16:39:01+08:00,29.32,63.37,32.16,997.03
2025-03-28T16:40:01+08:00,29.24,64.4,32.2,997.04
2025-03-28T16:41:00+08:00,29.3,63.72,32.19,997.04
2025-03-28T16:42:02+08:00,29.28,64.37,32.27,997.03
2025-03-28T16:43:01+08:00,29.19,64.53,32.12,997.03
2025-03-28T16:44:00+08:00,29.13,64.65,32.03,997.05
2025-03-28T16:45:00+08:00,29.26,64.28,32.22,997.02
2025-03-28T16:46:01+08:00,29.17,64.86,32.14,997.0
2025-03-28T16:47:01+08:00,29.15,64.51,32.04,996.99
2025-03-28T16:48:00+08:00,29.07,64.47,31.89,997.01
2025-03-28T16:49:02+08:00,29.09,64.74,31.98,997.03
2025-03-28T16:50:01+08:00,29.11,64.68,32.0,996.94
2025-03-28T16:51:00+08:00,29.17,64.74,32.12,996.95
2025-03-28T16:52:00+08:00,29.07,65.15,32.01,996.96
2025-03-28T16:53:01+08:00,29.22,64.86,32.25,996.94
2025-03-28T16:54:01+08:00,29.17,64.88,32.15,996.97
2025-03-28T16:55:00+08:00,29.15,64.79,32.09,996.95
2025-03-28T16:56:02+08:00,29.09,64.72,31.97,996.98
2025-03-28T16:57:01+08:00,29.11,64.67,32.0,996.99
2025-03-28T16:58:00+08:00,29.06,64.41,31.85,997.07
2025-03-28T16:59:00+08:00,29.04,64.9,31.9,997.15
2025-03-28T17:00:01+08:00,29.02,64.81,31.84,997.12
2025-03-28T17:01:01+08:00,29.11,64.83,32.03,997.15
2025-03-28T17:02:00+08:00,29.2,65.25,32.28,997.13
2025-03-28T17:03:02+08:00,29.09,64.73,31.97,997.17
2025-03-28T17:04:01+08:00,29.11,63.96,31.88,997.19
2025-03-28T17:05:00+08:00,29.15,64.67,32.07,997.26
2025-03-28T17:06:00+08:00,29.09,65.21,32.06,997.22
2025-03-28T17:07:01+08:00,29.2,64.81,32.21,997.23
2025-03-28T17:08:01+08:00,29.09,64.94,32.01,997.3
2025-03-28T17:09:00+08:00,29.06,64.84,31.92,997.36
2025-03-28T17:10:02+08:00,29.24,64.73,32.26,997.33
2025-03-28T17:11:01+08:00,29.13,64.58,32.02,997.31
2025-03-28T17:12:00+08:00,29.13,64.86,32.07,997.43
2025-03-28T17:13:00+08:00,29.09,64.75,31.98,997.3
2025-03-28T17:14:01+08:00,29.06,64.71,31.9,997.33
2025-03-28T17:15:01+08:00,29.07,64.39,31.88,997.35
2025-03-28T17:16:00+08:00,29.07,64.8,31.95,997.38
2025-03-28T17:17:02+08:00,28.89,64.76,31.59,997.42
2025-03-28T17:18:01+08:00,28.95,65.43,31.81,997.51
2025-03-28T17:19:00+08:00,29.0,65.01,31.84,997.5
2025-03-28T17:20:00+08:00,28.91,65.29,31.71,997.45
2025-03-28T17:21:01+08:00,28.78,65.26,31.46,997.52
2025-03-28T17:22:01+08:00,28.89,65.31,31.68,997.54
2025-03-28T17:23:00+08:00,28.72,65.44,31.39,997.58
2025-03-28T17:24:02+08:00,28.82,65.24,31.53,997.69
2025-03-28T17:25:01+08:00,28.83,65.58,31.62,997.67
2025-03-28T17:26:00+08:00,28.85,65.43,31.63,997.63
2025-03-28T17:27:00+08:00,28.8,65.75,31.58,997.56
2025-03-28T17:28:01+08:00,28.72,65.61,31.41,997.62
2025-03-28T17:29:01+08:00,28.93,65.75,31.83,997.63
2025-03-28T17:30:00+08:00,28.78,65.52,31.5,997.7
2025-03-28T17:31:02+08:00,28.63,65.52,31.22,997.71
2025-03-28T17:32:01+08:00,28.89,65.6,31.73,997.72
2025-03-28T17:33:00+08:00,28.85,65.32,31.61,997.79
2025-03-28T17:34:00+08:00,28.74,65.39,31.41,997.84
2025-03-28T17:35:01+08:00,28.8,65.42,31.52,997.78
2025-03-28T17:36:01+08:00,28.8,65.52,31.54,997.8
2025-03-28T17:37:00+08:00,28.74,65.33,31.4,997.9
2025-03-28T17:38:02+08:00,28.91,65.5,31.75,997.94
2025-03-28T17:39:01+08:00,28.63,65.4,31.21,997.95
2025-03-28T17:40:00+08:00,28.8,65.5,31.54,998.02
2025-03-28T17:41:00+08:00,28.72,65.48,31.39,998.0
2025-03-28T17:42:01+08:00,28.69,65.54,31.33,998.03
2025-03-28T17:43:01+08:00,28.72,65.54,31.4,997.98
2025-03-28T17:44:00+08:00,28.83,64.3,31.41,997.95
2025-03-28T17:45:02+08:00,28.8,65.4,31.52,998.01
2025-03-28T17:46:01+08:00,28.67,65.41,31.28,998.03
2025-03-28T17:47:00+08:00,28.74,65.29,31.4,997.99
2025-03-28T17:48:00+08:00,28.74,64.88,31.33,998.12
2025-03-28T17:49:01+08:00,28.76,65.05,31.39,998.13
2025-03-28T17:50:01+08:00,28.74,64.8,31.32,998.16
2025-03-28T17:51:00+08:00,28.83,64.89,31.51,998.14
2025-03-28T17:52:02+08:00,28.8,64.96,31.45,998.19
2025-03-28T17:53:01+08:00,28.63,64.71,31.1,998.15
2025-03-28T17:54:00+08:00,28.74,64.81,31.32,998.11
2025-03-28T17:55:00+08:00,28.74,64.35,31.25,998.2
2025-03-28T17:56:01+08:00,28.67,64.76,31.18,998.2
2025-03-28T17:57:01+08:00,28.78,64.92,31.41,998.25
2025-03-28T17:58:00+08:00,28.59,64.99,31.08,998.25
2025-03-28T17:59:02+08:00,28.65,64.76,31.14,998.31
2025-03-28T18:00:01+08:00,28.61,65.05,31.12,998.31
2025-03-28T18:01:00+08:00,28.82,64.91,31.48,998.35
2025-03-28T18:02:00+08:00,28.65,64.89,31.16,998.33
2025-03-28T18:03:01+08:00,28.65,65.35,31.23,998.35
2025-03-28T18:04:01+08:00,28.78,65.3,31.47,998.38
2025-03-28T18:05:00+08:00,28.74,65.18,31.38,998.47
2025-03-28T18:06:02+08:00,28.7,64.96,31.28,998.47
2025-03-28T18:07:01+08:00,28.8,65.25,31.5,998.44
2025-03-28T18:08:00+08:00,28.7,65.0,31.28,998.52
2025-03-28T18:09:00+08:00,28.54,65.18,31.0,998.49
2025-03-28T18:10:01+08:00,28.7,64.45,31.2,998.45
2025-03-28T18:11:01+08:00,28.76,64.91,31.37,998.41
2025-03-28T18:12:00+08:00,28.67,64.29,31.11,998.48
2025-03-28T18:13:02+08:00,28.61,64.72,31.07,998.46
2025-03-28T18:14:01+08:00,28.67,64.81,31.18,998.51
2025-03-28T18:15:00+08:00,28.7,64.79,31.25,998.57
2025-03-28T18:16:00+08:00,28.69,64.58,31.18,998.51
2025-03-28T18:17:01+08:00,28.72,64.88,31.3,998.51
2025-03-28T18:18:01+08:00,28.72,64.73,31.27,998.48
2025-03-28T18:19:00+08:00,28.7,64.85,31.26,998.45
2025-03-28T18:20:02+08:00,28.78,64.67,31.37,998.51
2025-03-28T18:21:01+08:00,28.67,65.82,31.34,998.46
2025-03-28T18:22:00+08:00,28.7,64.26,31.17,998.45
2025-03-28T18:23:00+08:00,28.63,64.37,31.05,998.52
2025-03-28T18:24:01+08:00,28.52,64.02,30.8,998.5
2025-03-28T18:25:01+08:00,28.7,64.65,31.23,998.55
2025-03-28T18:26:00+08:00,28.82,64.34,31.38,998.55
2025-03-28T18:27:02+08:00,28.76,64.62,31.33,998.58
2025-03-28T18:28:01+08:00,28.76,64.41,31.29,998.65
2025-03-28T18:29:00+08:00,28.67,64.02,31.06,998.6
2025-03-28T18:30:00+08:00,28.69,64.43,31.16,998.65
2025-03-28T18:31:01+08:00,28.61,64.62,31.06,998.71
2025-03-28T18:32:01+08:00,28.69,65.43,31.31,998.68
2025-03-28T18:33:00+08:00,28.69,64.45,31.16,998.68
2025-03-28T18:34:01+08:00,28.63,64.43,31.06,998.65
2025-03-28T18:35:01+08:00,28.78,64.25,31.3,998.75
2025-03-28T18:36:00+08:00,28.7,64.21,31.16,998.76
2025-03-28T18:37:00+08:00,28.67,63.45,30.98,998.77
2025-03-28T18:38:01+08:00,28.78,63.85,31.24,998.76
2025-03-28T18:39:01+08:00,28.7,64.27,31.17,998.74
2025-03-28T18:40:00+08:00,28.7,63.97,31.12,998.8
2025-03-28T18:41:01+08:00,28.67,64.19,31.09,998.78
2025-03-28T18:42:01+08:00,28.67,64.03,31.07,998.82
2025-03-28T18:43:00+08:00,28.78,63.89,31.25,998.81
2025-03-28T18:44:00+08:00,28.61,63.85,30.94,998.86
2025-03-28T18:45:01+08:00,28.69,64.35,31.15,998.81
2025-03-28T18:46:01+08:00,28.67,64.62,31.16,998.81
2025-03-28T18:47:00+08:00,28.54,63.98,30.83,998.81
2025-03-28T18:48:01+08:00,28.69,62.35,30.85,998.85
2025-03-28T18:49:01+08:00,28.72,63.72,31.12,998.94
2025-03-28T18:50:00+08:00,28.74,63.59,31.13,998.94
2025-03-28T18:51:00+08:00,28.7,63.66,31.08,998.96
2025-03-28T18:52:01+08:00,28.82,62.85,31.15,998.97
2025-03-28T18:53:01+08:00,28.91,62.92,31.33,998.94
2025-03-28T18:54:00+08:00,28.78,62.29,31.0,999.0
2025-03-28T18:55:01+08:00,28.98,62.55,31.4,998.96
2025-03-28T18:56:01+08:00,28.91,62.34,31.24,998.99
2025-03-28T18:57:00+08:00,28.98,62.03,31.32,998.98
2025-03-28T18:58:00+08:00,28.96,62.31,31.33,999.05
2025-03-28T18:59:01+08:00,28.96,62.04,31.29,999.11
2025-03-28T19:00:01+08:00,29.15,61.17,31.48,999.16
2025-03-28T19:01:00+08:00,29.04,61.79,31.38,999.01
2025-03-28T19:02:01+08:00,28.93,61.49,31.14,999.09
2025-03-28T19:03:01+08:00,28.96,61.72,31.24,999.1
2025-03-28T19:04:00+08:00,28.98,61.33,31.21,999.17
2025-03-28T19:05:00+08:00,28.96,61.19,31.15,999.14
2025-03-28T19:06:01+08:00,29.06,61.15,31.31,999.11
2025-03-28T19:07:01+08:00,29.0,60.77,31.15,999.21
2025-03-28T19:08:00+08:00,29.0,60.66,31.14,999.14
2025-03-28T19:09:01+08:00,29.04,60.71,31.21,999.18
2025-03-28T19:10:01+08:00,28.96,60.23,31.01,999.18
2025-03-28T19:11:00+08:00,28.76,60.42,30.69,999.17
2025-03-28T19:12:00+08:00,29.02,60.56,31.15,999.21
2025-03-28T19:13:01+08:00,28.93,60.82,31.03,999.25
2025-03-28T19:14:01+08:00,28.93,60.34,30.96,999.21
2025-03-28T19:15:00+08:00,28.93,60.25,30.95,999.18
2025-03-28T19:16:01+08:00,28.91,59.95,30.87,999.28
2025-03-28T19:17:01+08:00,28.87,60.14,30.84,999.28
2025-03-28T19:18:00+08:00,28.87,59.88,30.8,999.24
2025-03-28T19:19:00+08:00,28.91,59.97,30.88,999.3
2025-03-28T19:20:01+08:00,28.89,59.86,30.83,999.22
2025-03-28T19:21:01+08:00,28.74,59.9,30.59,999.25
2025-03-28T19:22:00+08:00,28.78,59.6,30.61,999.26
2025-03-28T19:23:01+08:00,28.72,59.87,30.56,999.23
2025-03-28T19:24:01+08:00,28.85,59.58,30.73,999.27
2025-03-28T19:25:00+08:00,28.83,59.49,30.68,999.22
2025-03-28T19:26:00+08:00,28.98,59.21,30.88,999.3
2025-03-28T19:27:01+08:00,28.72,58.82,30.41,999.28
2025-03-28T19:28:00+08:00,28.65,59.06,30.33,999.33
2025-03-28T19:29:00+08:00,28.82,58.95,30.57,999.36
2025-03-28T19:30:01+08:00,28.72,58.99,30.43,999.37
2025-03-28T19:31:01+08:00,28.78,59.09,30.54,999.39
2025-03-28T19:32:00+08:00,28.89,58.5,30.63,999.42
2025-03-28T19:33:00+08:00,28.67,58.67,30.3,999.44
2025-03-28T19:34:01+08:00,28.91,58.41,30.65,999.46
2025-03-28T19:35:00+08:00,28.72,58.43,30.36,999.51
2025-03-28T19:36:00+08:00,28.54,57.32,29.93,999.52
2025-03-28T19:37:01+08:00,28.61,58.25,30.16,999.52
2025-03-28T19:38:01+08:00,28.67,58.4,30.27,999.54
2025-03-28T19:39:00+08:00,28.59,58.57,30.17,999.58
2025-03-28T19:40:00+08:00,28.65,58.06,30.19,999.58
2025-03-28T19:41:01+08:00,28.65,58.48,30.25,999.67
2025-03-28T19:42:00+08:00,28.76,58.26,30.39,999.67
2025-03-28T19:43:00+08:00,28.65,58.07,30.19,999.67
2025-03-28T19:44:01+08:00,28.58,59.23,30.23,999.73
2025-03-28T19:45:01+08:00,28.69,58.34,30.29,999.76
2025-03-28T19:46:00+08:00,28.61,58.18,30.15,999.76
2025-03-28T19:47:00+08:00,28.63,58.6,30.23,999.88
2025-03-28T19:48:01+08:00,28.63,58.81,30.26,999.85
2025-03-28T19:49:00+08:00,28.63,58.52,30.22,999.86
2025-03-28T19:50:00+08:00,28.67,58.6,30.29,999.97
2025-03-28T19:51:01+08:00,28.69,59.08,30.39,999.89
2025-03-28T19:52:01+08:00,28.65,58.63,30.27,999.93
2025-03-28T19:53:00+08:00,28.67,58.43,30.27,999.91
2025-03-28T19:54:00+08:00,28.59,58.67,30.19,999.86
2025-03-28T19:55:01+08:00,28.52,58.42,30.04,999.9
2025-03-28T19:56:00+08:00,28.65,58.2,30.21,999.9
2025-03-28T19:57:00+08:00,28.56,58.2,30.07,999.95
2025-03-28T19:58:01+08:00,28.67,58.39,30.26,999.96
2025-03-28T19:59:01+08:00,28.59,58.43,30.15,999.99
2025-03-28T20:00:00+08:00,28.67,58.67,30.3,999.99
2025-03-28T20:01:00+08:00,28.67,59.37,30.4,999.98
2025-03-28T20:02:01+08:00,28.83,58.55,30.55,1000.03
2025-03-28T20:03:00+08:00,28.63,58.62,30.24,1000.04
2025-03-28T20:04:00+08:00,28.89,58.52,30.63,1000.08
2025-03-28T20:05:01+08:00,28.98,58.29,30.75,1000.17
2025-03-28T20:06:01+08:00,28.72,58.13,30.31,1000.15
2025-03-28T20:07:00+08:00,28.76,58.33,30.4,1000.16
2025-03-28T20:08:00+08:00,28.85,58.38,30.55,1000.19
2025-03-28T20:09:01+08:00,28.76,59.11,30.51,1000.21
2025-03-28T20:10:00+08:00,28.93,58.87,30.74,1000.23
2025-03-28T20:11:00+08:00,28.87,58.88,30.65,1000.21
2025-03-28T20:12:01+08:00,28.98,58.83,30.83,1000.25
2025-03-28T20:13:01+08:00,28.87,59.03,30.68,1000.3
2025-03-28T20:14:00+08:00,28.96,58.72,30.78,1000.26
2025-03-28T20:15:00+08:00,28.93,59.23,30.8,1000.31
2025-03-28T20:16:01+08:00,28.89,59.11,30.72,1000.25
2025-03-28T20:17:00+08:00,28.89,59.0,30.7,1000.27
2025-03-28T20:18:00+08:00,28.76,58.61,30.44,1000.42
2025-03-28T20:19:01+08:00,28.95,58.78,30.76,1000.39
2025-03-28T20:20:01+08:00,28.82,58.64,30.53,1000.43
2025-03-28T20:21:00+08:00,28.87,58.49,30.6,1000.38
2025-03-28T20:22:02+08:00,28.85,58.67,30.59,1000.42
2025-03-28T20:23:01+08:00,28.7,58.09,30.28,1000.39
2025-03-28T20:24:00+08:00,28.7,57.84,30.25,1000.38
2025-03-28T20:25:00+08:00,28.61,58.56,30.2,1000.45
2025-03-28T20:26:01+08:00,28.45,58.26,29.91,1000.4
2025-03-28T20:27:01+08:00,28.43,57.7,29.81,1000.51
2025-03-28T20:28:00+08:00,28.28,57.47,29.57,1000.47
2025-03-28T20:29:02+08:00,28.35,57.26,29.65,1000.44
2025-03-28T20:30:01+08:00,28.37,57.54,29.71,1000.46
2025-03-28T20:31:00+08:00,28.33,57.01,29.59,1000.48
2025-03-28T20:32:00+08:00,28.28,57.3,29.55,1000.6
2025-03-28T20:33:01+08:00,28.26,57.32,29.52,1000.58
2025-03-28T20:34:01+08:00,28.26,57.68,29.57,1000.61
2025-03-28T20:35:00+08:00,28.41,57.24,29.73,1000.57
2025-03-28T20:36:02+08:00,28.26,57.82,29.58,1000.62
2025-03-28T20:37:01+08:00,28.26,57.94,29.6,1000.61
2025-03-28T20:38:00+08:00,28.24,57.61,29.53,1000.57
2025-03-28T20:39:00+08:00,28.19,57.49,29.44,1000.61
2025-03-28T20:40:01+08:00,28.13,57.66,29.38,1000.66
2025-03-28T20:41:01+08:00,28.11,57.71,29.36,1000.66
2025-03-28T20:42:00+08:00,28.24,57.31,29.5,1000.67
2025-03-28T20:43:02+08:00,28.19,57.73,29.47,1000.65
2025-03-28T20:44:01+08:00,28.11,57.77,29.37,1000.72
2025-03-28T20:45:00+08:00,28.09,57.34,29.29,1000.7
2025-03-28T20:46:00+08:00,28.11,57.38,29.32,1000.71
2025-03-28T20:47:01+08:00,28.0,58.23,29.26,1000.79
2025-03-28T20:48:01+08:00,28.17,57.6,29.43,1000.71
2025-03-28T20:49:00+08:00,28.0,58.11,29.25,1000.69
2025-03-28T20:50:02+08:00,28.13,57.81,29.4,1000.71
2025-03-28T20:51:01+08:00,28.09,57.93,29.36,1000.7
2025-03-28T20:52:00+08:00,27.87,57.82,29.04,1000.74
2025-03-28T20:53:00+08:00,28.02,57.48,29.21,1000.69
2025-03-28T20:54:01+08:00,27.76,57.7,28.88,1000.74
2025-03-28T20:55:01+08:00,27.61,57.97,28.71,1000.82
2025-03-28T20:56:00+08:00,27.8,58.28,28.98,1000.79
2025-03-28T20:57:02+08:00,27.82,58.33,29.01,1000.75
2025-03-28T20:58:01+08:00,27.67,58.43,28.82,1000.72
2025-03-28T20:59:00+08:00,27.71,59.14,28.94,1000.77
2025-03-28T21:00:00+08:00,27.84,58.59,29.06,1000.7
2025-03-28T21:01:01+08:00,27.91,58.92,29.2,1000.69
2025-03-28T21:02:01+08:00,27.71,58.84,28.91,1000.72
2025-03-28T21:03:00+08:00,27.74,58.99,28.98,1000.68
2025-03-28T21:04:02+08:00,27.67,58.77,28.85,1000.62
2025-03-28T21:05:01+08:00,27.72,58.82,28.94,1000.65
2025-03-28T21:06:00+08:00,27.72,58.55,28.91,1000.69
2025-03-28T21:07:00+08:00,27.69,58.2,28.83,1000.69
2025-03-28T21:08:01+08:00,27.72,58.39,28.89,1000.72
2025-03-28T21:09:01+08:00,27.8,58.42,29.0,1000.65
2025-03-28T21:10:00+08:00,27.87,58.19,29.07,1000.72
2025-03-28T21:11:02+08:00,27.87,58.61,29.12,1000.64
2025-03-28T21:12:01+08:00,27.93,58.54,29.19,1000.61
2025-03-28T21:13:00+08:00,27.85,58.39,29.07,1000.63
2025-03-28T21:14:00+08:00,27.89,58.02,29.08,1000.61
2025-03-28T21:15:01+08:00,28.0,58.93,29.33,1000.62
2025-03-28T21:16:01+08:00,28.06,58.08,29.32,1000.69
2025-03-28T21:17:00+08:00,27.98,58.1,29.22,1000.66
2025-03-28T21:18:02+08:00,28.02,58.12,29.27,1000.66
2025-03-28T21:19:01+08:00,28.09,58.05,29.37,1000.67
2025-03-28T21:20:00+08:00,27.96,58.27,29.21,1000.69
2025-03-28T21:21:00+08:00,28.02,58.31,29.29,1000.63
2025-03-28T21:22:01+08:00,27.96,58.29,29.21,1000.71
2025-03-28T21:23:01+08:00,27.98,58.49,29.26,1000.7
2025-03-28T21:24:00+08:00,27.85,58.66,29.1,1000.7
2025-03-28T21:25:02+08:00,27.74,59.22,29.0,1000.69
2025-03-28T21:26:01+08:00,27.72,59.03,28.96,1000.66
2025-03-28T21:27:00+08:00,27.74,59.09,28.99,1000.66
2025-03-28T21:28:00+08:00,27.78,59.51,29.08,1000.64
2025-03-28T21:29:01+08:00,27.69,59.16,28.92,1000.72
2025-03-28T21:30:01+08:00,27.65,59.55,28.9,1000.7
2025-03-28T21:31:00+08:00,27.61,58.77,28.78,1000.73
2025-03-28T21:32:02+08:00,27.52,58.89,28.67,1000.78
2025-03-28T21:33:01+08:00,27.61,59.16,28.82,1000.81
2025-03-28T21:34:00+08:00,27.47,58.88,28.59,1000.81
2025-03-28T21:35:00+08:00,27.5,59.01,28.65,1000.78
2025-03-28T21:36:01+08:00,27.67,58.99,28.88,1000.77
2025-03-28T21:37:01+08:00,27.72,58.78,28.93,1000.8
2025-03-28T21:38:00+08:00,27.72,58.83,28.94,1000.71
2025-03-28T21:39:02+08:00,27.69,58.68,28.87,1000.69
2025-03-28T21:40:01+08:00,27.82,58.71,29.05,1000.68
2025-03-28T21:41:00+08:00,27.65,58.61,28.81,1000.69
2025-03-28T21:42:00+08:00,27.74,58.79,28.96,1000.71
2025-03-28T21:43:01+08:00,27.78,59.03,29.03,1000.71
2025-03-28T21:44:01+08:00,27.84,59.1,29.12,1000.81
2025-03-28T21:45:00+08:00,27.78,58.8,29.01,1000.88
2025-03-28T21:46:02+08:00,27.69,58.64,28.87,1000.86
2025-03-28T21:47:01+08:00,27.8,58.83,29.04,1000.86
2025-03-28T21:48:00+08:00,27.69,58.68,28.87,1000.89
2025-03-28T21:49:00+08:00,27.76,59.03,29.01,1000.9
2025-03-28T21:50:01+08:00,27.56,58.8,28.71,1000.9
2025-03-28T21:51:01+08:00,27.87,59.11,29.17,1000.95
2025-03-28T21:52:00+08:00,27.72,58.87,28.94,1000.92
2025-03-28T21:53:02+08:00,27.67,58.8,28.86,1000.99
2025-03-28T21:54:01+08:00,27.78,58.67,29.0,1000.97
2025-03-28T21:55:00+08:00,27.69,58.45,28.85,1000.97
2025-03-28T21:56:00+08:00,27.84,58.85,29.09,1000.99
2025-03-28T21:57:01+08:00,27.82,59.51,29.13,1001.0
2025-03-28T21:58:01+08:00,27.89,59.05,29.19,1001.0
2025-03-28T21:59:00+08:00,27.87,59.1,29.17,1001.03
2025-03-28T22:00:02+08:00,27.89,58.95,29.18,1001.05
2025-03-28T22:01:01+08:00,27.85,58.72,29.1,1001.07
2025-03-28T22:02:00+08:00,27.91,58.39,29.15,1001.16
2025-03-28T22:03:00+08:00,27.84,58.81,29.09,1001.1
2025-03-28T22:04:01+08:00,27.87,58.66,29.12,1001.11
2025-03-28T22:05:01+08:00,27.91,58.48,29.16,1001.15
2025-03-28T22:06:00+08:00,27.8,58.48,29.0,1001.1
2025-03-28T22:07:00+08:00,27.91,59.03,29.21,1001.06
2025-03-28T22:08:01+08:00,27.96,58.45,29.23,1001.08
2025-03-28T22:09:00+08:00,27.87,58.54,29.11,1001.15
2025-03-28T22:10:00+08:00,27.89,58.45,29.13,1001.14
2025-03-28T22:11:01+08:00,27.91,58.48,29.16,1001.15
2025-03-28T22:12:01+08:00,27.93,58.5,29.18,1001.13
2025-03-28T22:13:00+08:00,27.93,58.75,29.21,1001.14
2025-03-28T22:14:02+08:00,27.84,58.32,29.04,1001.12
2025-03-28T22:15:01+08:00,27.87,58.92,29.15,1001.13
2025-03-28T22:16:00+08:00,27.98,58.61,29.27,1001.17
2025-03-28T22:17:00+08:00,27.84,58.69,29.07,1001.18
2025-03-28T22:18:01+08:00,27.87,58.83,29.14,1001.21
2025-03-28T22:19:01+08:00,27.85,58.69,29.1,1001.17
2025-03-28T22:20:00+08:00,27.84,58.71,29.08,1001.15
2025-03-28T22:21:02+08:00,27.95,58.6,29.22,1001.16
2025-03-28T22:22:01+08:00,27.89,58.51,29.13,1001.16
2025-03-28T22:23:00+08:00,27.84,58.46,29.05,1001.22
2025-03-28T22:24:00+08:00,27.91,58.83,29.19,1001.18
2025-03-28T22:25:01+08:00,27.93,58.37,29.17,1001.17
2025-03-28T22:26:01+08:00,27.84,58.57,29.06,1001.2
2025-03-28T22:27:00+08:00,27.89,58.65,29.15,1001.11
2025-03-28T22:28:02+08:00,27.87,58.88,29.15,1001.13
2025-03-28T22:29:01+08:00,27.87,59.27,29.19,1001.19
2025-03-28T22:30:00+08:00,27.93,58.87,29.22,1001.13
2025-03-28T22:31:00+08:00,27.91,58.94,29.21,1001.19
2025-03-28T22:32:01+08:00,27.91,57.53,29.06,1001.27
2025-03-28T22:33:01+08:00,27.93,58.65,29.2,1001.26
2025-03-28T22:34:00+08:00,27.82,58.95,29.08,1001.26
2025-03-28T22:35:02+08:00,27.95,59.28,29.29,1001.32
2025-03-28T22:36:01+08:00,27.85,59.38,29.17,1001.32
2025-03-28T22:37:00+08:00,27.95,60.62,29.44,1001.43
2025-03-28T22:38:00+08:00,27.91,58.91,29.2,1001.36
2025-03-28T22:39:01+08:00,27.82,59.09,29.09,1001.34
2025-03-28T22:40:01+08:00,27.82,58.98,29.08,1001.37
2025-03-28T22:41:00+08:00,27.74,59.07,28.99,1001.48
2025-03-28T22:42:02+08:00,27.91,59.32,29.24,1001.49
2025-03-28T22:43:01+08:00,27.93,59.21,29.26,1001.52
2025-03-28T22:44:00+08:00,27.85,58.79,29.11,1001.6
2025-03-28T22:45:00+08:00,27.89,58.62,29.15,1001.48
2025-03-28T22:46:01+08:00,27.95,58.85,29.25,1001.58
2025-03-28T22:47:01+08:00,28.0,59.25,29.37,1001.46
2025-03-28T22:48:00+08:00,27.95,58.76,29.24,1001.53
2025-03-28T22:49:02+08:00,28.0,58.28,29.26,1001.56
2025-03-28T22:50:01+08:00,27.98,58.73,29.29,1001.62
2025-03-28T22:51:00+08:00,28.02,58.5,29.32,1001.56
2025-03-28T22:52:00+08:00,28.06,58.62,29.38,1001.52
2025-03-28T22:53:01+08:00,27.93,58.86,29.22,1001.63
2025-03-28T22:54:01+08:00,27.91,58.64,29.17,1001.6
2025-03-28T22:55:00+08:00,28.04,58.64,29.36,1001.64
2025-03-28T22:56:02+08:00,27.98,58.39,29.25,1001.56
2025-03-28T22:57:01+08:00,28.0,58.38,29.28,1001.58
2025-03-28T22:58:00+08:00,28.04,58.08,29.3,1001.61
2025-03-28T22:59:00+08:00,27.89,58.1,29.09,1001.59
2025-03-28T23:00:01+08:00,27.89,58.06,29.09,1001.6
2025-03-28T23:01:01+08:00,27.96,58.61,29.25,1001.63
2025-03-28T23:02:00+08:00,27.95,57.87,29.14,1001.64
2025-03-28T23:03:02+08:00,27.91,58.18,29.13,1001.71
2025-03-28T23:04:01+08:00,27.84,57.89,28.99,1001.73
2025-03-28T23:05:00+08:00,28.11,58.07,29.4,1001.68
2025-03-28T23:06:00+08:00,27.89,58.02,29.08,1001.62
2025-03-28T23:07:01+08:00,27.89,57.95,29.08,1001.66
2025-03-28T23:08:01+08:00,27.91,57.83,29.09,1001.69
2025-03-28T23:09:00+08:00,27.89,57.22,29.0,1001.68
2025-03-28T23:10:02+08:00,27.91,58.0,29.11,1001.76
2025-03-28T23:11:01+08:00,27.85,57.98,29.03,1001.61
2025-03-28T23:12:00+08:00,27.89,58.25,29.11,1001.68
2025-03-28T23:13:00+08:00,27.84,58.11,29.02,1001.79
2025-03-28T23:14:01+08:00,27.96,57.8,29.16,1001.75
2025-03-28T23:15:01+08:00,27.96,57.68,29.15,1001.7
2025-03-28T23:16:00+08:00,27.96,57.82,29.17,1001.76
2025-03-28T23:17:02+08:00,28.0,57.45,29.18,1001.78
2025-03-28T23:18:01+08:00,27.85,57.83,29.01,1001.81
2025-03-28T23:19:00+08:00,27.78,57.52,28.88,1001.79
2025-03-28T23:20:00+08:00,27.89,57.72,29.05,1001.78
2025-03-28T23:21:01+08:00,27.67,57.15,28.7,1001.83
2025-03-28T23:22:01+08:00,27.78,57.55,28.89,1001.82
2025-03-28T23:23:00+08:00,27.93,57.39,29.07,1001.85
2025-03-28T23:24:02+08:00,27.89,57.67,29.05,1001.8
2025-03-28T23:25:01+08:00,27.96,57.55,29.14,1001.75
2025-03-28T23:26:00+08:00,27.67,57.68,28.75,1001.7
2025-03-28T23:27:00+08:00,27.71,57.69,28.8,1001.7
2025-03-28T23:28:01+08:00,27.74,57.66,28.85,1001.79
2025-03-28T23:29:01+08:00,27.82,57.65,28.95,1001.64
2025-03-28T23:30:00+08:00,27.87,57.51,29.01,1001.69
2025-03-28T23:31:01+08:00,27.71,57.3,28.76,1001.71
2025-03-28T23:32:01+08:00,27.8,57.62,28.92,1001.73
2025-03-28T23:33:00+08:00,27.8,57.63,28.92,1001.79
2025-03-28T23:34:00+08:00,27.78,57.39,28.87,1001.81
2025-03-28T23:35:01+08:00,27.87,57.53,29.01,1001.81
2025-03-28T23:36:01+08:00,27.87,57.65,29.02,1001.77
2025-03-28T23:37:00+08:00,27.65,57.5,28.71,1001.72
2025-03-28T23:38:01+08:00,27.82,57.41,28.92,1001.78
2025-03-28T23:39:01+08:00,27.6,57.31,28.62,1001.78
2025-03-28T23:40:00+08:00,27.72,57.07,28.77,1001.74
2025-03-28T23:41:00+08:00,27.63,57.23,28.66,1001.77
2025-03-28T23:42:01+08:00,27.63,57.37,28.67,1001.73
2025-03-28T23:43:01+08:00,27.56,56.88,28.54,1001.65
2025-03-28T23:44:00+08:00,27.52,56.96,28.5,1001.75
2025-03-28T23:45:01+08:00,27.6,57.23,28.61,1001.65
2025-03-28T23:46:01+08:00,27.58,57.32,28.6,1001.66
2025-03-28T23:47:00+08:00,27.48,56.4,28.4,1001.77
2025-03-28T23:48:00+08:00,27.5,57.1,28.48,1001.65
2025-03-28T23:49:01+08:00,27.52,57.22,28.52,1001.72
2025-03-28T23:50:01+08:00,27.5,57.35,28.51,1001.66
2025-03-28T23:51:00+08:00,27.41,57.36,28.39,1001.75
2025-03-28T23:52:01+08:00,27.28,57.23,28.22,1001.78
2025-03-28T23:53:01+08:00,27.28,57.16,28.21,1001.73
2025-03-28T23:54:00+08:00,27.41,57.3,28.39,1001.75
2025-03-28T23:55:00+08:00,27.26,57.19,28.19,1001.7
2025-03-28T23:56:01+08:00,27.41,57.57,28.41,1001.73
2025-03-28T23:57:01+08:00,27.28,57.42,28.24,1001.69
2025-03-28T23:58:00+08:00,27.34,57.33,28.3,1001.74
2025-03-28T23:59:01+08:00,27.21,56.29,28.06,1001.68
